SUID,@id,Betweenness,Closeness,Degree,Eigenvector,Information,LAC,name,Network,selected,shared name,stringdb::canonical name,stringdb::full name,Subgragh,
275,stringdb:9606.ENSP00000269305,12697.52097,0.064316271,201,0.168735385,9.222890854,43.27363184,9606.ENSP00000269305,167.9785331,FALSE,9606.ENSP00000269305,Q9NZD0,,9.36E+27,1
294,stringdb:9606.ENSP00000263025,5115.339998,0.063779988,157,0.152044162,9.1076231,44.50955414,9606.ENSP00000263025,115.837084,FALSE,9606.ENSP00000263025,P27361,,7.60E+27,0.769174529
121,stringdb:9606.ENSP00000398698,4842.801719,0.063826673,159,0.151790529,9.114157677,45.06918239,9606.ENSP00000398698,123.7741712,FALSE,9606.ENSP00000398698,P01375,,7.58E+27,0.766101796
438,stringdb:9606.ENSP00000311032,4431.771443,0.06377066,161,0.155088976,9.120549202,45.85093168,9606.ENSP00000311032,126.1894905,FALSE,9606.ENSP00000311032,P42574,,7.91E+27,0.765165918
270,stringdb:9606.ENSP00000360266,3921.981595,0.063779988,151,0.150637805,9.087034225,45.81456954,9606.ENSP00000360266,115.2298672,FALSE,9606.ENSP00000360266,P05412,,7.46E+27,0.736132277
305,stringdb:9606.ENSP00000275493,5242.25596,0.063696129,144,0.137613416,9.061006546,40.81944444,9606.ENSP00000275493,102.0680899,FALSE,9606.ENSP00000275493,Q9GZX1,,6.23E+27,0.733797507
384,stringdb:9606.ENSP00000241052,7573.170693,0.063686824,133,0.113750897,9.014976501,33.38345865,9606.ENSP00000241052,82.98161641,FALSE,9606.ENSP00000241052,P04040,,4.25E+27,0.730617915
329,stringdb:9606.ENSP00000356438,6169.658447,0.063510561,134,0.131626129,9.019445419,42.28358209,9606.ENSP00000356438,94.40230612,FALSE,9606.ENSP00000356438,P35354,,5.70E+27,0.730027082
259,stringdb:9606.ENSP00000215832,4077.183518,0.063677523,143,0.143216267,9.057096481,43.67832168,9606.ENSP00000215832,100.3062551,FALSE,9606.ENSP00000215832,P28482,,6.74E+27,0.71784367
278,stringdb:9606.ENSP00000307786,5886.051385,0.063492063,125,0.112218171,8.976799965,34.432,9606.ENSP00000307786,82.44703162,FALSE,9606.ENSP00000307786,P99999,,4.14E+27,0.684422226
173,stringdb:9606.ENSP00000265171,3688.747668,0.063501311,130,0.133799821,9.001174927,42.98461538,9606.ENSP00000265171,90.82085951,FALSE,9606.ENSP00000265171,P01133,,5.89E+27,0.679390205
474,stringdb:9606.ENSP00000264657,2351.834999,0.063575386,137,0.144838706,9.032503128,47.24087591,9606.ENSP00000264657,104.2240757,FALSE,9606.ENSP00000264657,P40763,,6.90E+27,0.678417611
176,stringdb:9606.ENSP00000354558,2785.88106,0.063510561,122,0.124377549,8.961303711,41.18032787,9606.ENSP00000354558,84.29862213,FALSE,9606.ENSP00000354558,P42345,,5.09E+27,0.637739346
77,stringdb:9606.ENSP00000306512,2378.151154,0.063353676,116,0.125806347,8.928096771,43.5862069,9606.ENSP00000306512,80.81570679,FALSE,9606.ENSP00000306512,Q9UCR9,,5.20E+27,0.623756017
377,stringdb:9606.ENSP00000346839,2835.504112,0.06333527,110,0.120695114,8.891591072,42.29090909,9606.ENSP00000346839,73.84669784,FALSE,9606.ENSP00000346839,H0Y4K8,,4.79E+27,0.617653702
446,stringdb:9606.ENSP00000263341,3519.608208,0.063215891,106,0.114893243,8.865163803,40.86792453,9606.ENSP00000263341,69.6080549,FALSE,9606.ENSP00000263341,P01584,,4.34E+27,0.617087681
93,stringdb:9606.ENSP00000212015,3919.325031,0.063427408,109,0.106334135,8.885156631,34.20183486,9606.ENSP00000212015,61.96261362,FALSE,9606.ENSP00000212015,Q96EB6,,3.72E+27,0.616829918
166,stringdb:9606.ENSP00000306245,1841.349579,0.063197565,106,0.119826779,8.865163803,42.18867925,9606.ENSP00000306245,69.78725127,FALSE,9606.ENSP00000306245,P01100,,4.72E+27,0.591282985
381,stringdb:9606.ENSP00000361405,1204.318491,0.06314265,108,0.124156632,8.878601074,45.46296296,9606.ENSP00000361405,75.70725154,FALSE,9606.ENSP00000361405,P14780,,5.07E+27,0.587429814
460,stringdb:9606.ENSP00000363089,1923.645184,0.063160945,107,0.11527922,8.871939659,41.06542056,9606.ENSP00000363089,71.77754353,FALSE,9606.ENSP00000363089,Q5VZI8,,4.37E+27,0.587267022
100,stringdb:9606.ENSP00000227507,1153.099712,0.063179249,110,0.120763123,8.891590118,42.67272727,9606.ENSP00000227507,75.29398224,FALSE,9606.ENSP00000227507,P24385,,4.80E+27,0.584023343
81,stringdb:9606.ENSP00000256078,1656.013692,0.063069579,104,0.107597761,8.851259232,37.63461538,9606.ENSP00000256078,66.65186234,FALSE,9606.ENSP00000256078,P01116,,3.81E+27,0.566530248
197,stringdb:9606.ENSP00000225831,1189.036765,0.063124367,98,0.110607766,8.806475639,42.75510204,9606.ENSP00000225831,67.82192211,FALSE,9606.ENSP00000225831,P13500,,4.02E+27,0.554545921
328,stringdb:9606.ENSP00000277541,1377.500014,0.062951198,95,0.109382078,8.782175064,40.37894737,9606.ENSP00000277541,60.58117618,FALSE,9606.ENSP00000277541,P46531,,3.93E+27,0.552036106
401,stringdb:9606.ENSP00000302564,757.8676324,0.062923943,95,0.112183273,8.782175064,42.92631579,9606.ENSP00000302564,64.67092033,FALSE,9606.ENSP00000302564,Q07817,,4.14E+27,0.543880571
306,stringdb:9606.ENSP00000412237,640.9378871,0.062996677,95,0.113175921,8.782175064,44.96842105,9606.ENSP00000412237,66.80099214,FALSE,9606.ENSP00000412237,P22301,,4.21E+27,0.543331792
386,stringdb:9606.ENSP00000363822,3024.692612,0.062969382,87,0.088045217,8.710071564,30.50574713,9606.ENSP00000363822,46.75563252,FALSE,9606.ENSP00000363822,P10275,,2.55E+27,0.542975016
292,stringdb:9606.ENSP00000302961,1596.858102,0.062978478,91,0.100009054,8.747540474,35.64835165,9606.ENSP00000302961,54.08175805,FALSE,9606.ENSP00000302961,P34932,,3.29E+27,0.537598768
354,stringdb:9606.ENSP00000297494,1673.479082,0.063197565,93,0.096610494,8.765185356,34.32258065,9606.ENSP00000297494,54.82826725,FALSE,9606.ENSP00000297494,Q14434,,3.07E+27,0.537411173
433,stringdb:9606.ENSP00000216117,1558.046697,0.063051338,88,0.096562281,8.719723701,35.90909091,9606.ENSP00000216117,51.88100655,FALSE,9606.ENSP00000216117,P09601,,3.07E+27,0.52827971
247,stringdb:9606.ENSP00000219070,1010.328315,0.062824207,85,0.106518939,8.69016552,42.63529412,9606.ENSP00000219070,55.70257586,FALSE,9606.ENSP00000219070,P08253,,3.73E+27,0.527633421
321,stringdb:9606.ENSP00000344456,1398.545565,0.062933025,91,0.094912261,8.747540474,34.43956044,9606.ENSP00000344456,56.29711163,FALSE,9606.ENSP00000344456,P35222,,2.96E+27,0.525966083
298,stringdb:9606.ENSP00000414303,2233.935493,0.062851377,80,0.09024699,8.636534691,31.725,9606.ENSP00000414303,43.70373495,FALSE,9606.ENSP00000414303,Q9BYY7,,2.68E+27,0.521502902
336,stringdb:9606.ENSP00000252486,2758.370941,0.063014887,83,0.077870451,8.669389725,29.27710843,9606.ENSP00000252486,48.60041698,FALSE,9606.ENSP00000252486,P02649,,1.99E+27,0.517858161
104,stringdb:9606.ENSP00000384273,1095.872997,0.062815156,84,0.099129565,8.679889679,37.52380952,9606.ENSP00000384273,50.87364686,FALSE,9606.ENSP00000384273,Q04206,,3.23E+27,0.517090568
252,stringdb:9606.ENSP00000226730,962.3956301,0.062778978,82,0.101620771,8.658678055,42.12195122,9606.ENSP00000226730,56.00174559,FALSE,9606.ENSP00000226730,P60568,,3.40E+27,0.515525353
425,stringdb:9606.ENSP00000260010,1417.645266,0.062715765,80,0.096651845,8.636534691,40.025,9606.ENSP00000260010,53.34351746,FALSE,9606.ENSP00000260010,O60603,,3.07E+27,0.514393428
115,stringdb:9606.ENSP00000264832,517.5320704,0.062896711,85,0.103233241,8.69016552,43.27058824,9606.ENSP00000264832,59.52956507,FALSE,9606.ENSP00000264832,P05362,,3.50E+27,0.513344514
199,stringdb:9606.ENSP00000351273,636.3609223,0.062742841,86,0.10054522,8.700221062,39.6744186,9606.ENSP00000351273,58.86359641,FALSE,9606.ENSP00000351273,Q96T22,,3.32E+27,0.512347205
86,stringdb:9606.ENSP00000371067,661.6033958,0.062706745,82,0.101819366,8.658678055,41.3902439,9606.ENSP00000371067,53.95428161,FALSE,9606.ENSP00000371067,O60674,,3.41E+27,0.50961656
267,stringdb:9606.ENSP00000348069,4841.508565,0.062951198,72,0.053378962,8.53723526,19.27777778,9606.ENSP00000348069,35.18988588,FALSE,9606.ENSP00000348069,Q6PJ36,,9.37E+26,0.508656833
300,stringdb:9606.ENSP00000354394,991.904387,0.062607697,81,0.097088002,8.647724152,38.44444444,9606.ENSP00000354394,52.23498788,FALSE,9606.ENSP00000354394,Q9UDL5,,3.10E+27,0.507480994
195,stringdb:9606.ENSP00000330237,559.5913945,0.062697728,81,0.09543708,8.647724152,38.32098765,9606.ENSP00000330237,53.75576159,FALSE,9606.ENSP00000330237,Q9UEQ3,,3.00E+27,0.496873167
485,stringdb:9606.ENSP00000295256,2367.159116,0.062933025,80,0.070433907,8.636534691,27.05,9606.ENSP00000295256,42.30865558,FALSE,9606.ENSP00000295256,O60760,,1.63E+27,0.495088041
62,stringdb:9606.ENSP00000296871,871.1966663,0.06265268,77,0.092027351,8.601420403,38.33766234,9606.ENSP00000296871,50.34200066,FALSE,9606.ENSP00000296871,P04141,,2.78E+27,0.492806212
396,stringdb:9606.ENSP00000225275,1265.415929,0.062923943,79,0.082895607,8.625089645,33.11392405,9606.ENSP00000225275,47.68299511,FALSE,9606.ENSP00000225275,P05164,,2.26E+27,0.490580239
332,stringdb:9606.ENSP00000278616,1691.641917,0.062607697,77,0.078617357,8.601420403,30.80519481,9606.ENSP00000278616,47.36802955,FALSE,9606.ENSP00000278616,Q13315,,2.03E+27,0.488916631
95,stringdb:9606.ENSP00000263923,718.7125784,0.062860438,77,0.090878785,8.601420403,35.16883117,9606.ENSP00000263923,46.59995322,FALSE,9606.ENSP00000263923,P35968,,2.72E+27,0.488909809
112,stringdb:9606.ENSP00000302486,637.5496994,0.062634679,74,0.093103796,8.563817978,37.91891892,9606.ENSP00000302486,47.51309072,FALSE,9606.ENSP00000302486,Q02750,,2.85E+27,0.485999522
152,stringdb:9606.ENSP00000263967,1044.94098,0.062607697,78,0.082566664,8.613388062,31.46153846,9606.ENSP00000263967,46.0109126,FALSE,9606.ENSP00000263967,P42336,,2.24E+27,0.483278926
286,stringdb:9606.ENSP00000386884,570.9309331,0.0625,72,0.088471398,8.53723526,37.36111111,9606.ENSP00000386884,48.4184211,FALSE,9606.ENSP00000386884,P61073,,2.57E+27,0.474813401
142,stringdb:9606.ENSP00000358022,391.3375707,0.062410535,72,0.085556634,8.53723526,35.83333333,9606.ENSP00000358022,47.77886034,FALSE,9606.ENSP00000358022,Q9UHR8,,2.41E+27,0.466611113
139,stringdb:9606.ENSP00000441691,491.6281167,0.062535858,67,0.0810702,8.464781761,35.6119403,9606.ENSP00000441691,44.4395818,FALSE,9606.ENSP00000441691,P11215,,2.16E+27,0.456206805
127,stringdb:9606.ENSP00000304895,783.6694787,0.062706745,68,0.074585259,8.480012894,28.82352941,9606.ENSP00000304895,37.48503496,FALSE,9606.ENSP00000304895,P35568,,1.83E+27,0.454256649
417,stringdb:9606.ENSP00000344192,393.9392613,0.062553802,64,0.081938669,8.416641235,37.46875,9606.ENSP00000344192,44.77952389,FALSE,9606.ENSP00000344192,Q16552,,2.21E+27,0.45190856
497,stringdb:9606.ENSP00000368683,438.7088951,0.062491042,65,0.079077475,8.433109283,31.87692308,9606.ENSP00000368683,39.11204232,FALSE,9606.ENSP00000368683,P05305,,2.06E+27,0.449550681
378,stringdb:9606.ENSP00000324806,892.6018914,0.06265268,65,0.070196405,8.433109283,25.29230769,9606.ENSP00000324806,32.50909419,FALSE,9606.ENSP00000324806,P49841,,1.62E+27,0.44595734
101,stringdb:9606.ENSP00000268035,363.8486177,0.06265268,62,0.075039454,8.382344246,31.83870968,9606.ENSP00000268035,38.14223867,FALSE,9606.ENSP00000268035,P08069,,1.85E+27,0.438990944
124,stringdb:9606.ENSP00000226574,199.6331912,0.06231242,60,0.079192825,8.346103668,33.93333333,9606.ENSP00000226574,38.86568191,FALSE,9606.ENSP00000226574,P19838,,2.06E+27,0.438101233
348,stringdb:9606.ENSP00000380252,826.0473866,0.062733813,61,0.066160761,8.364478111,25.70491803,9606.ENSP00000380252,31.56007036,FALSE,9606.ENSP00000380252,Q16236,,1.44E+27,0.434007949
397,stringdb:9606.ENSP00000223095,174.589093,0.062553802,59,0.075379871,8.327202797,34.54237288,9606.ENSP00000223095,39.52266035,FALSE,9606.ENSP00000223095,P05121,,1.87E+27,0.431653315
488,stringdb:9606.ENSP00000266970,699.4360688,0.062562778,60,0.06729684,8.346103668,29.76666667,9606.ENSP00000266970,37.22593664,FALSE,9606.ENSP00000266970,P24941,,1.49E+27,0.431289739
157,stringdb:9606.ENSP00000216797,197.3236602,0.062205735,57,0.074964963,8.287717819,32.49122807,9606.ENSP00000216797,36.91141292,FALSE,9606.ENSP00000216797,P25963,,1.85E+27,0.42764569
229,stringdb:9606.ENSP00000242057,1192.502317,0.062535858,59,0.058354136,8.327202797,24.13559322,9606.ENSP00000242057,28.58276159,FALSE,9606.ENSP00000242057,P35869,,1.12E+27,0.426399643
311,stringdb:9606.ENSP00000355231,827.3924347,0.062241256,59,0.062843464,8.327202797,24,9606.ENSP00000355231,32.86720738,FALSE,9606.ENSP00000355231,Q14457,,1.30E+27,0.424717342
445,stringdb:9606.ENSP00000365380,311.263926,0.062294614,55,0.071243487,8.245830536,33.12727273,9606.ENSP00000365380,37.36525376,FALSE,9606.ENSP00000365380,Q9BZS1,,1.67E+27,0.422233183
174,stringdb:9606.ENSP00000308541,1418.708135,0.062634679,54,0.055872295,8.223910332,20.07407407,9606.ENSP00000308541,25.57906219,FALSE,9606.ENSP00000308541,Q9UCA1,,1.03E+27,0.42134148
130,stringdb:9606.ENSP00000367851,488.7234637,0.062473134,57,0.066024393,8.287717819,27.64912281,9606.ENSP00000367851,33.54566393,FALSE,9606.ENSP00000367851,P04839,,1.43E+27,0.421175979
465,stringdb:9606.ENSP00000358548,195.2979638,0.062072893,59,0.069011673,8.327202797,30.23728814,9606.ENSP00000358548,36.61995686,FALSE,9606.ENSP00000358548,P01111,,1.57E+27,0.420756552
334,stringdb:9606.ENSP00000337915,2341.5748,0.062670691,71,0.027741907,8.523451805,20.42253521,9606.ENSP00000337915,42.68433401,FALSE,9606.ENSP00000337915,P08684,,2.53E+26,0.419117695
224,stringdb:9606.ENSP00000329357,643.2059611,0.062455236,57,0.061387911,8.287717819,22.80701754,9606.ENSP00000329357,27.06269427,FALSE,9606.ENSP00000329357,P08047,,1.24E+27,0.41727854
439,stringdb:9606.ENSP00000257904,258.5370398,0.062241256,58,0.066095203,8.307749748,29.93103448,9606.ENSP00000257904,36.01483662,FALSE,9606.ENSP00000257904,P11802,,1.44E+27,0.417091242
462,stringdb:9606.ENSP00000378699,536.6873858,0.062214612,60,0.060624938,8.346103668,27.13333333,9606.ENSP00000378699,36.35121515,FALSE,9606.ENSP00000378699,P06493,,1.21E+27,0.416846908
214,stringdb:9606.ENSP00000256442,318.8492843,0.062321326,56,0.066267833,8.26708889,31.25,9606.ENSP00000256442,38.20269779,FALSE,9606.ENSP00000256442,P14635,,1.44E+27,0.416358167
344,stringdb:9606.ENSP00000333685,112.8494208,0.062259032,53,0.071019754,8.201298714,30.67924528,9606.ENSP00000333685,34.18503064,FALSE,9606.ENSP00000333685,Q2XNF2,,1.66E+27,0.415369267
476,stringdb:9606.ENSP00000324648,2127.05495,0.062607697,71,0.028145464,8.523451805,20.22535211,9606.ENSP00000324648,42.40699347,FALSE,9606.ENSP00000324648,P20813,,2.60E+26,0.41524709
215,stringdb:9606.ENSP00000319788,1151.911923,0.062571757,58,0.051424216,8.307748795,23.51724138,9606.ENSP00000319788,30.92728243,FALSE,9606.ENSP00000319788,P15559,,8.70E+26,0.414228786
194,stringdb:9606.ENSP00000355759,275.6983414,0.062232372,57,0.064248927,8.287717819,27.0877193,9606.ENSP00000355759,33.20678778,FALSE,9606.ENSP00000355759,P09874,,1.36E+27,0.413415355
105,stringdb:9606.ENSP00000387662,1429.539629,0.062607697,54,0.050264459,8.223910332,18.92592593,9606.ENSP00000387662,24.62280585,FALSE,9606.ENSP00000387662,P01275,,8.31E+26,0.413141234
325,stringdb:9606.ENSP00000304915,209.4257538,0.062214612,53,0.066813432,8.201298714,32.94339623,9606.ENSP00000304915,37.46176645,FALSE,9606.ENSP00000304915,P35225,,1.47E+27,0.410865957
192,stringdb:9606.ENSP00000317272,193.0968121,0.06231242,53,0.066711828,8.201298714,29.54716981,9606.ENSP00000317272,33.76229325,FALSE,9606.ENSP00000317272,P08581,,1.46E+27,0.410774104
145,stringdb:9606.ENSP00000305651,208.1277791,0.062108262,51,0.066360682,8.1539011,33.92156863,9606.ENSP00000305651,38.00171244,FALSE,9606.ENSP00000305651,P02778,,1.45E+27,0.407268655
315,stringdb:9606.ENSP00000312987,1186.293124,0.062589722,53,0.050335899,8.201298714,18.0754717,9606.ENSP00000312987,22.32947148,FALSE,9606.ENSP00000312987,Q6B4V6,,8.33E+26,0.407144177
237,stringdb:9606.ENSP00000237612,1639.97329,0.062428408,53,0.044380873,8.201298714,18.18867925,9606.ENSP00000237612,23.24733858,FALSE,9606.ENSP00000237612,Q9UNQ0,,6.48E+26,0.406626575
209,stringdb:9606.ENSP00000233242,1473.862739,0.062589722,59,0.040814407,8.327202797,17.55932203,9606.ENSP00000233242,29.26622901,FALSE,9606.ENSP00000233242,Q13787,,5.48E+26,0.406161652
389,stringdb:9606.ENSP00000384863,2043.877791,0.062392673,47,0.043471698,8.049193382,14.72340426,9606.ENSP00000384863,17.98950108,FALSE,9606.ENSP00000384863,O14980,,6.21E+26,0.405630371
487,stringdb:9606.ENSP00000299855,104.2474082,0.062250143,49,0.067845374,8.103302002,32.93877551,9606.ENSP00000299855,35.88063674,FALSE,9606.ENSP00000299855,P08254,,1.51E+27,0.405487035
284,stringdb:9606.ENSP00000331736,192.178846,0.062241256,51,0.064543299,8.1539011,32.74509804,9606.ENSP00000331736,35.27524163,FALSE,9606.ENSP00000331736,P16581,,1.37E+27,0.40477894
63,stringdb:9606.ENSP00000248553,441.2152369,0.062455236,48,0.062068783,8.076709747,25.45833333,9606.ENSP00000248553,28.19689571,FALSE,9606.ENSP00000248553,Q9UC36,,1.27E+27,0.403116324
490,stringdb:9606.ENSP00000346671,229.8794983,0.062223491,50,0.063637555,8.129019737,28.08,9606.ENSP00000346671,32.00942119,FALSE,9606.ENSP00000346671,P06241,,1.33E+27,0.402866427
190,stringdb:9606.ENSP00000361423,407.588813,0.062241256,51,0.059952024,8.1539011,24.54901961,9606.ENSP00000361423,28.24330258,FALSE,9606.ENSP00000361423,P00519,,1.18E+27,0.402217644
94,stringdb:9606.ENSP00000354932,70.05928894,0.062143672,48,0.066675462,8.076709747,34.25,9606.ENSP00000354932,36.45403701,FALSE,9606.ENSP00000354932,Q15399,,1.46E+27,0.401422916
373,stringdb:9606.ENSP00000309572,433.1070987,0.062339148,50,0.05948459,8.129019737,26.28,9606.ENSP00000309572,29.11146671,FALSE,9606.ENSP00000309572,O14746,,1.16E+27,0.401164242
110,stringdb:9606.ENSP00000391826,1085.449635,0.062259032,45,0.05441232,7.991196156,23.55555556,9606.ENSP00000391826,25.92613658,FALSE,9606.ENSP00000391826,Q9UC68,,9.74E+26,0.399962694
230,stringdb:9606.ENSP00000369050,1950.445195,0.062535858,60,0.029567471,8.346103668,21.5,9606.ENSP00000369050,36.46886248,FALSE,9606.ENSP00000369050,P04798,,2.87E+26,0.399915867
277,stringdb:9606.ENSP00000327251,98.3728037,0.06231242,47,0.06447883,8.049193382,31.53191489,9606.ENSP00000327251,32.97172709,FALSE,9606.ENSP00000327251,Q9UD42,,1.37E+27,0.398137975
318,stringdb:9606.ENSP00000231454,100.7940393,0.062090572,49,0.063325055,8.103302002,30.85714286,9606.ENSP00000231454,33.50831095,FALSE,9606.ENSP00000231454,P05113,,1.32E+27,0.398101436
323,stringdb:9606.ENSP00000322788,77.78976344,0.062223491,46,0.064834259,8.020703316,31.91304348,9606.ENSP00000322788,34.10673438,FALSE,9606.ENSP00000322788,P03956,,1.38E+27,0.396669876
167,stringdb:9606.ENSP00000364802,236.8999106,0.062294614,49,0.056281,8.103302002,21.46938776,9606.ENSP00000364802,24.71130453,FALSE,9606.ENSP00000364802,P0DMV8,,1.04E+27,0.391137784
453,stringdb:9606.ENSP00000272190,817.9133084,0.062392673,44,0.052135751,7.960609436,23.22727273,9606.ENSP00000272190,25.43781699,FALSE,9606.ENSP00000272190,P00797,,8.94E+26,0.390597903
202,stringdb:9606.ENSP00000454071,1036.270659,0.062330236,51,0.042899136,8.1539011,19.29411765,9606.ENSP00000454071,27.56573402,FALSE,9606.ENSP00000454071,Q53ZD9,,6.05E+26,0.389675827
85,stringdb:9606.ENSP00000308925,68.04906709,0.062143672,44,0.061676264,7.960609436,31.13636364,9606.ENSP00000308925,32.7791743,FALSE,9606.ENSP00000308925,Q9BXR5,,1.25E+27,0.389001352
489,stringdb:9606.ENSP00000419970,3462.606447,0.062002275,41,0.01874177,7.861715794,10.29268293,9606.ENSP00000419970,17.21123438,FALSE,9606.ENSP00000419970,P16435,,1.16E+26,0.38794327
385,stringdb:9606.ENSP00000231004,231.8676165,0.062294614,43,0.056290694,7.9288764,23.76744186,9606.ENSP00000231004,25.80360528,FALSE,9606.ENSP00000231004,P28300,,1.04E+27,0.383590379
236,stringdb:9606.ENSP00000363512,712.2177085,0.062303515,49,0.044036243,8.103302002,19.02040816,9606.ENSP00000363512,26.43232206,FALSE,9606.ENSP00000363512,P09917,,6.38E+26,0.38238891
322,stringdb:9606.ENSP00000341189,70.94833026,0.061870299,44,0.057845287,7.960609436,26.40909091,9606.ENSP00000341189,28.41913794,FALSE,9606.ENSP00000341189,Q05397,,1.10E+27,0.382319814
409,stringdb:9606.ENSP00000448165,273.7839519,0.062037564,49,0.050148323,8.103302002,24.04081633,9606.ENSP00000448165,31.61225873,FALSE,9606.ENSP00000448165,Q9UJ65,,8.27E+26,0.381778593
339,stringdb:9606.ENSP00000324856,307.5700553,0.062356979,47,0.04970134,8.049193382,20.68085106,9606.ENSP00000324856,24.26993328,FALSE,9606.ENSP00000324856,Q15831,,8.12E+26,0.380535569
419,stringdb:9606.ENSP00000263317,280.7032881,0.062294614,43,0.053358961,7.928876877,25.20930233,9606.ENSP00000263317,28.01729676,FALSE,9606.ENSP00000263317,Q9NPH5,,9.36E+26,0.380208215
363,stringdb:9606.ENSP00000171111,229.8956139,0.062330236,45,0.05130332,7.991195679,22.22222222,9606.ENSP00000171111,25.06100578,FALSE,9606.ENSP00000171111,Q14145,,8.65E+26,0.378788238
179,stringdb:9606.ENSP00000222553,1820.275836,0.062125962,41,0.032799929,7.861715794,12.68292683,9606.ENSP00000222553,17.46932055,FALSE,9606.ENSP00000222553,P43490,,3.54E+26,0.376917097
220,stringdb:9606.ENSP00000342307,700.0679876,0.062223491,42,0.046115343,7.895937443,18.85714286,9606.ENSP00000342307,22.17483522,FALSE,9606.ENSP00000342307,Q08050,,6.99E+26,0.376212583
477,stringdb:9606.ENSP00000241453,171.0200309,0.061967027,43,0.052523203,7.9288764,21.90697674,9606.ENSP00000241453,24.40168781,FALSE,9606.ENSP00000241453,P36888,,9.07E+26,0.375537064
254,stringdb:9606.ENSP00000267163,261.8592047,0.062046392,44,0.049482934,7.960609436,22.86363636,9606.ENSP00000267163,25.64690396,FALSE,9606.ENSP00000267163,P06400,,8.05E+26,0.374373373
171,stringdb:9606.ENSP00000360683,143.4537139,0.062232372,41,0.05262395,7.861715794,23.02439024,9606.ENSP00000360683,24.63634124,FALSE,9606.ENSP00000360683,P18031,,9.11E+26,0.373687428
67,stringdb:9606.ENSP00000251849,46.88729784,0.061923022,40,0.054611355,7.826151371,25.9,9606.ENSP00000251849,27.14579336,FALSE,9606.ENSP00000251849,P04049,,9.81E+26,0.372284465
437,stringdb:9606.ENSP00000358327,104.3234818,0.06187908,44,0.049962189,7.960609436,25.09090909,9606.ENSP00000358327,29.38312078,FALSE,9606.ENSP00000358327,Q96BA0,,8.21E+26,0.37133139
471,stringdb:9606.ENSP00000320171,1945.172058,0.062055223,35,0.032414716,7.624930859,11.48571429,9606.ENSP00000320171,16.37825988,FALSE,9606.ENSP00000320171,Q96E76,,3.46E+26,0.371067779
219,stringdb:9606.ENSP00000363868,1290.550184,0.062285714,43,0.033727389,7.9288764,16,9606.ENSP00000363868,21.13036354,FALSE,9606.ENSP00000363868,Q9UN09,,3.74E+26,0.370970051
66,stringdb:9606.ENSP00000416293,200.9076019,0.062339148,42,0.047992695,7.895937443,20.19047619,9606.ENSP00000416293,22.64387403,FALSE,9606.ENSP00000416293,P11166,,7.57E+26,0.369615741
313,stringdb:9606.ENSP00000241261,78.21147909,0.06187908,40,0.052342847,7.826151371,24.65,9606.ENSP00000241261,27.62174734,FALSE,9606.ENSP00000241261,P50591,,9.01E+26,0.369369355
457,stringdb:9606.ENSP00000336528,1651.855232,0.062401603,50,0.020820398,8.129019737,16.68,9606.ENSP00000336528,25.85541592,FALSE,9606.ENSP00000336528,Q9UJ26,,1.43E+26,0.368117551
350,stringdb:9606.ENSP00000361850,86.55731161,0.062028738,37,0.051546078,7.710486412,24,9606.ENSP00000361850,25.58193824,FALSE,9606.ENSP00000361850,P00749,,8.74E+26,0.365203558
210,stringdb:9606.ENSP00000257770,1461.122719,0.061782627,36,0.034654487,7.668633461,16.11111111,9606.ENSP00000257770,22.70517032,FALSE,9606.ENSP00000257770,P21589,,3.95E+26,0.365040043
492,stringdb:9606.ENSP00000216037,483.8014294,0.062090572,38,0.044992611,7.750630379,19.42105263,9606.ENSP00000216037,22.881118,FALSE,9606.ENSP00000216037,P17861,,6.66E+26,0.364799303
198,stringdb:9606.ENSP00000221130,310.0652915,0.062410535,43,0.042140096,7.9288764,20.46511628,9606.ENSP00000221130,24.90789637,FALSE,9606.ENSP00000221130,P00390,,5.84E+26,0.364614934
106,stringdb:9606.ENSP00000320935,494.7369001,0.062356979,42,0.040488061,7.895937443,17.38095238,9606.ENSP00000320935,19.74031455,FALSE,9606.ENSP00000320935,P14672,,5.39E+26,0.364351283
424,stringdb:9606.ENSP00000381607,1184.368011,0.062241256,42,0.031040555,7.895937443,16.85714286,9606.ENSP00000381607,19.16642694,FALSE,9606.ENSP00000381607,P09211,,3.17E+26,0.363482012
393,stringdb:9606.ENSP00000370473,334.0005954,0.062134815,40,0.043465562,7.826150894,16.95,9606.ENSP00000370473,19.70112818,FALSE,9606.ENSP00000370473,P17936,,6.21E+26,0.362246938
463,stringdb:9606.ENSP00000267953,192.2746317,0.062046392,39,0.046272364,7.789153576,20.92307692,9606.ENSP00000267953,24.88610755,FALSE,9606.ENSP00000267953,Q16548,,7.04E+26,0.362027612
164,stringdb:9606.ENSP00000312286,550.6162679,0.062250143,41,0.039274726,7.861715794,17.56097561,9606.ENSP00000312286,20.11196718,FALSE,9606.ENSP00000312286,P04054,,5.07E+26,0.361994738
89,stringdb:9606.ENSP00000303394,57.14962211,0.062055223,35,0.051105559,7.624930859,22.85714286,9606.ENSP00000303394,23.73925339,FALSE,9606.ENSP00000303394,Q12988,,8.59E+26,0.361587263
98,stringdb:9606.ENSP00000296545,104.6042502,0.061835201,38,0.048505481,7.750629902,25.57894737,9606.ENSP00000296545,27.27603678,FALSE,9606.ENSP00000296545,P40933,,7.74E+26,0.361545397
426,stringdb:9606.ENSP00000334145,205.6119618,0.062196862,38,0.045298409,7.750629902,22.36842105,9606.ENSP00000334145,24.09694148,FALSE,9606.ENSP00000334145,P13726,,6.75E+26,0.360188287
73,stringdb:9606.ENSP00000372023,215.3919047,0.06187908,42,0.042495914,7.895937443,21.52380952,9606.ENSP00000372023,25.99502315,FALSE,9606.ENSP00000372023,Q9HCQ8,,5.94E+26,0.359968534
153,stringdb:9606.ENSP00000287936,1716.201311,0.062330236,43,0.020490548,7.9288764,13.76744186,9606.ENSP00000287936,22.36732057,FALSE,9606.ENSP00000287936,P04035,,1.38E+26,0.35991187
83,stringdb:9606.ENSP00000260682,873.697357,0.061940617,59,0.018049128,8.327202797,20.71186441,9606.ENSP00000260682,37.19035528,FALSE,9606.ENSP00000260682,P11712,,1.07E+26,0.358092709
383,stringdb:9606.ENSP00000330382,47.13846894,0.061817666,36,0.047913361,7.668633461,22.5,9606.ENSP00000330382,23.8982661,FALSE,9606.ENSP00000330382,P01127,,7.55E+26,0.35698095
333,stringdb:9606.ENSP00000276431,266.0878911,0.061975835,36,0.044288412,7.668633461,20.05555556,9606.ENSP00000276431,22.68503378,FALSE,9606.ENSP00000276431,O14763,,6.45E+26,0.356535867
150,stringdb:9606.ENSP00000408695,162.3242608,0.062055223,38,0.043620367,7.750629902,16.73684211,9606.ENSP00000408695,18.0382127,FALSE,9606.ENSP00000408695,P17252,,6.26E+26,0.356299243
327,stringdb:9606.ENSP00000301645,1564.045113,0.062064057,48,0.016416699,8.076709747,14.20833333,9606.ENSP00000301645,24.13316262,FALSE,9606.ENSP00000301645,P22680,,8.86E+25,0.356064486
429,stringdb:9606.ENSP00000226279,269.3079399,0.061923022,38,0.04060965,7.750629902,16.21052632,9606.ENSP00000226279,17.28224754,FALSE,9606.ENSP00000226279,P28907,,5.42E+26,0.353431054
241,stringdb:9606.ENSP00000285930,1393.763051,0.062196862,30,0.02971668,7.37417078,10.8,9606.ENSP00000285930,11.95788675,FALSE,9606.ENSP00000285930,P15121,,2.90E+26,0.350545363
148,stringdb:9606.ENSP00000337332,753.3476913,0.062072893,34,0.034028027,7.579279423,15.05882353,9606.ENSP00000337332,16.19291983,FALSE,9606.ENSP00000337332,Q9NRC7,,3.81E+26,0.348817288
472,stringdb:9606.ENSP00000369757,613.3030596,0.061817666,34,0.035740647,7.579278946,14.11764706,9606.ENSP00000369757,16.79502538,FALSE,9606.ENSP00000369757,P62753,,4.20E+26,0.347605324
117,stringdb:9606.ENSP00000303208,1204.36841,0.062019915,34,0.027353449,7.579279423,13.47058824,9606.ENSP00000303208,16.49020852,FALSE,9606.ENSP00000303208,Q8NBP7,,2.46E+26,0.347602332
90,stringdb:9606.ENSP00000343925,275.9131272,0.062294614,32,0.040603083,7.481533527,16.625,9606.ENSP00000343925,18.05349811,FALSE,9606.ENSP00000343925,Q92731,,5.42E+26,0.347533076
356,stringdb:9606.ENSP00000359424,119.0082216,0.061800142,35,0.041242886,7.624930859,16.91428571,9606.ENSP00000359424,18.38706725,FALSE,9606.ENSP00000359424,O15111,,5.59E+26,0.347201044
169,stringdb:9606.ENSP00000309757,450.9787174,0.062179122,40,0.031054065,7.826151371,16.75,9606.ENSP00000309757,21.26310834,FALSE,9606.ENSP00000309757,P06858,,3.17E+26,0.34633333
69,stringdb:9606.ENSP00000259206,802.4373663,0.061529777,29,0.037038416,7.316426754,21.44827586,9606.ENSP00000259206,22.21428571,FALSE,9606.ENSP00000259206,P18510,,4.51E+26,0.34591401
287,stringdb:9606.ENSP00000289153,302.2383424,0.061616733,36,0.037335448,7.668633461,18.11111111,9606.ENSP00000289153,20.57318265,FALSE,9606.ENSP00000289153,P42338,,4.58E+26,0.345550204
362,stringdb:9606.ENSP00000342007,732.2522968,0.061765123,56,0.014239224,8.26708889,19.67857143,9606.ENSP00000342007,33.45283578,FALSE,9606.ENSP00000342007,P05177,,6.67E+25,0.345249525
422,stringdb:9606.ENSP00000225174,1193.030504,0.061993459,32,0.026886407,7.481533051,11.5625,9606.ENSP00000225174,12.81394268,FALSE,9606.ENSP00000225174,P30405,,2.38E+26,0.344096733
154,stringdb:9606.ENSP00000362057,39.99392349,0.062108262,31,0.041666601,7.429144859,22.70967742,9606.ENSP00000362057,23.82894737,FALSE,9606.ENSP00000362057,Q9Y5S8,,5.71E+26,0.342495673
232,stringdb:9606.ENSP00000303174,659.9110463,0.062134815,47,0.019807898,8.049194336,19.61702128,9606.ENSP00000303174,25.34591886,FALSE,9606.ENSP00000303174,P19224,,1.29E+26,0.34231879
133,stringdb:9606.ENSP00000407375,331.97407,0.062267923,36,0.032685615,7.668633461,15.72222222,9606.ENSP00000407375,17.44544488,FALSE,9606.ENSP00000407375,P07203,,3.51E+26,0.341777635
456,stringdb:9606.ENSP00000311005,89.4597625,0.06187908,29,0.040925823,7.316426754,17.93103448,9606.ENSP00000311005,19.1297619,FALSE,9606.ENSP00000311005,Q13164,,5.51E+26,0.338993655
410,stringdb:9606.ENSP00000237014,1213.138879,0.062134815,36,0.018307103,7.668633461,8.055555556,9606.ENSP00000237014,9.586322723,FALSE,9606.ENSP00000237014,P02766,,1.10E+26,0.337306044
233,stringdb:9606.ENSP00000362549,682.64811,0.062072893,46,0.016905382,8.020703316,19.73913043,9606.ENSP00000362549,26.19048905,FALSE,9606.ENSP00000362549,Q9HAW9,,9.40E+25,0.336981586
414,stringdb:9606.ENSP00000304845,682.64811,0.062072893,46,0.016905382,8.020703316,19.73913043,9606.ENSP00000304845,26.19048905,FALSE,9606.ENSP00000304845,P22309,,9.40E+25,0.336981586
455,stringdb:9606.ENSP00000249396,115.0689525,0.062046392,33,0.035237022,7.531531811,17.45454545,9606.ENSP00000249396,18.86834594,FALSE,9606.ENSP00000249396,U5TP13,,4.08E+26,0.336694761
141,stringdb:9606.ENSP00000312029,684.3650404,0.062179122,32,0.027061155,7.481533527,13.625,9606.ENSP00000312029,15.04131804,FALSE,9606.ENSP00000312029,P55851,,2.41E+26,0.335062263
382,stringdb:9606.ENSP00000360317,557.9919633,0.061495063,52,0.013521963,8.177983284,18.07692308,9606.ENSP00000360317,30.14621856,FALSE,9606.ENSP00000360317,P10632,,6.01E+25,0.334730978
440,stringdb:9606.ENSP00000293288,50.04101053,0.061835201,30,0.037274405,7.37417078,20,9606.ENSP00000293288,21.62096163,FALSE,9606.ENSP00000293288,Q9UCZ6,,4.57E+26,0.333880787
271,stringdb:9606.ENSP00000360025,42.55620303,0.061782627,28,0.038601402,7.255687237,19.85714286,9606.ENSP00000360025,21.02962963,FALSE,9606.ENSP00000360025,P24522,,4.90E+26,0.333007593
279,stringdb:9606.ENSP00000348170,138.9994345,0.061958221,29,0.035189781,7.316426754,17.86206897,9606.ENSP00000348170,19.34006211,FALSE,9606.ENSP00000348170,Q9UC67,,4.07E+26,0.331778082
132,stringdb:9606.ENSP00000261693,1421.205798,0.061843972,30,0.017322112,7.37417078,12.86666667,9606.ENSP00000261693,16.64457367,FALSE,9606.ENSP00000261693,Q8WTV0,,9.87E+25,0.331350069
274,stringdb:9606.ENSP00000354612,321.5857053,0.061870299,36,0.026729302,7.668633461,15.55555556,9606.ENSP00000354612,20.20266258,FALSE,9606.ENSP00000354612,Q5T7T7,,2.35E+26,0.331202587
347,stringdb:9606.ENSP00000330393,66.23799713,0.061835201,30,0.034902327,7.37417078,16.06666667,9606.ENSP00000330393,16.71264368,FALSE,9606.ENSP00000330393,P48357,,4.01E+26,0.330685192
200,stringdb:9606.ENSP00000352121,74.2271157,0.061660303,30,0.034035519,7.37417078,17.06666667,9606.ENSP00000352121,18.73348884,FALSE,9606.ENSP00000352121,P48736,,3.81E+26,0.328878382
345,stringdb:9606.ENSP00000355330,266.8789561,0.062028738,26,0.033766758,7.124258518,13.07692308,9606.ENSP00000355330,14.12222222,FALSE,9606.ENSP00000355330,P21980,,3.75E+26,0.328730282
449,stringdb:9606.ENSP00000313420,113.4706706,0.061634153,32,0.031733144,7.481533051,15.5625,9606.ENSP00000313420,17.63456712,FALSE,9606.ENSP00000313420,Q9UME3,,3.31E+26,0.328625741
238,stringdb:9606.ENSP00000343741,86.78009639,0.061677748,30,0.033114612,7.37417078,16.13333333,9606.ENSP00000343741,17.79284993,FALSE,9606.ENSP00000343741,Q13535,,3.61E+26,0.327828922
109,stringdb:9606.ENSP00000372191,163.8752463,0.062064057,32,0.029229075,7.481533527,14.875,9606.ENSP00000372191,16.21252981,FALSE,9606.ENSP00000372191,Q9NTG7,,2.81E+26,0.327579151
317,stringdb:9606.ENSP00000303830,283.987666,0.061747628,31,0.029278312,7.429144859,13.22580645,9606.ENSP00000303830,14.27052671,FALSE,9606.ENSP00000303830,P06213,,2.82E+26,0.327543226
204,stringdb:9606.ENSP00000295600,320.8270543,0.061634153,25,0.033932131,7.053005219,14.64,9606.ENSP00000295600,15.57738095,FALSE,9606.ENSP00000295600,Q9P2Y8,,3.79E+26,0.327259929
355,stringdb:9606.ENSP00000354476,576.0795473,0.062046392,34,0.021466108,7.579278946,14.52941176,9606.ENSP00000354476,19.19430098,FALSE,9606.ENSP00000354476,Q12772,,1.52E+26,0.326612205
65,stringdb:9606.ENSP00000365858,101.1079422,0.061782627,27,0.03411974,7.191716194,13.85185185,9606.ENSP00000365858,14.48592531,FALSE,9606.ENSP00000365858,P15976,,3.83E+26,0.326276556
257,stringdb:9606.ENSP00000360372,415.3677781,0.061486391,47,0.013327028,8.049193382,18.29787234,9606.ENSP00000360372,27.40959006,FALSE,9606.ENSP00000360372,P33261,,5.84E+25,0.325381435
443,stringdb:9606.ENSP00000346103,256.7671312,0.062011094,31,0.026908414,7.429144859,12.06451613,9606.ENSP00000346103,13.22923509,FALSE,9606.ENSP00000346103,P36969,,2.38E+26,0.324520124
221,stringdb:9606.ENSP00000411532,319.7187685,0.061695203,31,0.026761107,7.429144859,14.38709677,9606.ENSP00000411532,16.92780392,FALSE,9606.ENSP00000411532,Q9UQP9,,2.35E+26,0.324313439
307,stringdb:9606.ENSP00000445175,688.8721835,0.061765123,29,0.022688257,7.316426754,9.310344828,9606.ENSP00000445175,12.96447523,FALSE,9606.ENSP00000445175,Q9UDE8,,1.69E+26,0.3233315
158,stringdb:9606.ENSP00000220809,25.25166535,0.061599322,26,0.034439452,7.124258518,19.69230769,9606.ENSP00000220809,20.78,FALSE,9606.ENSP00000220809,Q9BU99,,3.90E+26,0.323300422
137,stringdb:9606.ENSP00000311095,531.9037414,0.061322082,46,0.010171297,8.020703316,17.91304348,9606.ENSP00000311095,27.93102605,FALSE,9606.ENSP00000311095,Q02928,,3.40E+25,0.321117877
102,stringdb:9606.ENSP00000215659,41.97898372,0.061529777,26,0.032482039,7.124258518,16.07692308,9606.ENSP00000215659,17.35030303,FALSE,9606.ENSP00000215659,P53778,,3.47E+26,0.320459319
82,stringdb:9606.ENSP00000362361,50.95602521,0.06159062,27,0.031300783,7.191716194,12.51851852,9606.ENSP00000362361,13.1920688,FALSE,9606.ENSP00000362361,P50750,,3.22E+26,0.320366187
411,stringdb:9606.ENSP00000366563,117.8075925,0.061313458,30,0.028562238,7.37417078,14.13333333,9606.ENSP00000366563,15.77896777,FALSE,9606.ENSP00000366563,O00329,,2.68E+26,0.320278968
343,stringdb:9606.ENSP00000301633,64.60102517,0.061581921,27,0.030572046,7.191716194,15.62962963,9606.ENSP00000301633,16.42873303,FALSE,9606.ENSP00000301633,H3BLT4,,3.07E+26,0.319521323
231,stringdb:9606.ENSP00000354522,216.7995033,0.061791383,28,0.026893916,7.255687237,13.5,9606.ENSP00000354522,15.24411376,FALSE,9606.ENSP00000354522,Q9UJN0,,2.38E+26,0.319126357
113,stringdb:9606.ENSP00000329967,78.36682534,0.061477721,25,0.031214057,7.053006172,15.12,9606.ENSP00000329967,16.025,FALSE,9606.ENSP00000329967,Q9UHD2,,3.20E+26,0.317850976
239,stringdb:9606.ENSP00000234111,322.5914122,0.061967027,22,0.028892439,6.813037872,11.09090909,9606.ENSP00000234111,11.62142857,FALSE,9606.ENSP00000234111,P11926,,2.74E+26,0.31739036
324,stringdb:9606.ENSP00000262039,180.297267,0.061503738,26,0.028505454,7.124258518,12.84615385,9606.ENSP00000262039,14.8467142,FALSE,9606.ENSP00000262039,Q8NEB9,,2.67E+26,0.317189689
428,stringdb:9606.ENSP00000297350,201.4232692,0.061486391,22,0.031613447,6.813037872,15.45454545,9606.ENSP00000297350,16.19047619,FALSE,9606.ENSP00000297350,O00300,,3.29E+26,0.317167917
263,stringdb:9606.ENSP00000222381,317.1960981,0.061800142,32,0.020582346,7.481533527,12.375,9606.ENSP00000222381,14.15120662,FALSE,9606.ENSP00000222381,P27169,,1.39E+26,0.31676094
435,stringdb:9606.ENSP00000368884,62.07090188,0.061477721,25,0.030554574,7.053006172,14,9606.ENSP00000368884,15.00958111,FALSE,9606.ENSP00000368884,P51812,,3.07E+26,0.316553031
405,stringdb:9606.ENSP00000398495,208.4339732,0.061477721,27,0.026649566,7.191715717,15.7037037,9606.ENSP00000398495,17.81263198,FALSE,9606.ENSP00000398495,Q9NR28,,2.34E+26,0.316136621
172,stringdb:9606.ENSP00000363832,1038.115467,0.061347967,36,0.007850739,7.668633461,13.44444444,9606.ENSP00000363832,16.89678462,FALSE,9606.ENSP00000363832,Q06278,,2.03E+25,0.315309265
302,stringdb:9606.ENSP00000345681,137.9363397,0.061703934,24,0.028652463,6.977636337,12.33333333,9606.ENSP00000345681,13.1884058,FALSE,9606.ENSP00000345681,P23769,,2.70E+26,0.314864069
120,stringdb:9606.ENSP00000353820,413.2175097,0.061313458,42,0.010864855,7.895937443,15.66666667,9606.ENSP00000353820,21.16534269,FALSE,9606.ENSP00000353820,P10635,,3.88E+25,0.314800015
403,stringdb:9606.ENSP00000261366,333.8949666,0.061835201,23,0.026364751,6.897789478,11.39130435,9606.ENSP00000261366,12.03074866,FALSE,9606.ENSP00000261366,P20700,,2.29E+26,0.314599236
87,stringdb:9606.ENSP00000353731,136.560439,0.061791383,25,0.026322965,7.053005695,11.12,9606.ENSP00000353731,11.66269841,FALSE,9606.ENSP00000353731,P27487,,2.28E+26,0.31296927
114,stringdb:9606.ENSP00000303211,290.3242311,0.062046392,25,0.023442145,7.053006172,10.56,9606.ENSP00000303211,12.02210339,FALSE,9606.ENSP00000303211,Q53F46,,1.81E+26,0.312719689
143,stringdb:9606.ENSP00000301178,33.86554922,0.06156453,22,0.030314231,6.813037872,14,9606.ENSP00000301178,15.12380952,FALSE,9606.ENSP00000301178,P30530,,3.02E+26,0.31224769
308,stringdb:9606.ENSP00000312988,12.29553432,0.061608026,21,0.031126004,6.722934246,14.66666667,9606.ENSP00000312988,15.4,FALSE,9606.ENSP00000312988,Q15653,,3.19E+26,0.311951021
84,stringdb:9606.ENSP00000383042,236.748538,0.061608026,25,0.024495186,7.053005695,8.72,9606.ENSP00000383042,9.583284895,FALSE,9606.ENSP00000383042,Q96AW4,,1.97E+26,0.31152109
79,stringdb:9606.ENSP00000211287,26.93337343,0.061608026,23,0.028554557,6.897789478,14,9606.ENSP00000211287,14.85454545,FALSE,9606.ENSP00000211287,O15264,,2.68E+26,0.310916905
99,stringdb:9606.ENSP00000420588,149.3685086,0.061677748,27,0.023055492,7.191716194,12.37037037,9606.ENSP00000420588,13.47265488,FALSE,9606.ENSP00000420588,Q00059,,1.75E+26,0.310426184
228,stringdb:9606.ENSP00000290573,572.4483901,0.061870299,23,0.019922037,6.897789478,8.782608696,9606.ENSP00000290573,10.2979798,FALSE,9606.ENSP00000290573,P52789,,1.31E+26,0.309886927
155,stringdb:9606.ENSP00000369927,553.4533133,0.061660303,33,0.01218917,7.531531811,11.87878788,9606.ENSP00000369927,13.89489747,FALSE,9606.ENSP00000369927,Q9UII3,,4.89E+25,0.30967739
340,stringdb:9606.ENSP00000302728,876.2459869,0.061686474,28,0.011230087,7.255687237,5.5,9606.ENSP00000302728,6.193280423,FALSE,9606.ENSP00000302728,P08236,,4.15E+25,0.308494654
468,stringdb:9606.ENSP00000358421,845.0944499,0.061124352,35,0.006841389,7.624930859,10.97142857,9606.ENSP00000358421,14.2611432,FALSE,9606.ENSP00000358421,P14060,,1.54E+25,0.30790045
75,stringdb:9606.ENSP00000003084,312.7745423,0.061773874,22,0.022808312,6.813037872,8.090909091,9606.ENSP00000003084,9.56197479,FALSE,9606.ENSP00000003084,P13569,,1.71E+26,0.30743198
341,stringdb:9606.ENSP00000302846,55.0767912,0.061495063,21,0.02778226,6.722933292,12.38095238,9606.ENSP00000302846,13.17362637,FALSE,9606.ENSP00000302846,P35408,,2.54E+26,0.307400122
251,stringdb:9606.ENSP00000354995,1011.826582,0.061278988,24,0.012900352,6.977636337,12.16666667,9606.ENSP00000354995,13.1968599,FALSE,9606.ENSP00000354995,Q9BXL1,,5.47E+25,0.307079726
360,stringdb:9606.ENSP00000219244,0.222212088,0.060927893,21,0.02911761,6.722934246,19.80952381,9606.ENSP00000219244,20.8,FALSE,9606.ENSP00000219244,Q92583,,2.79E+26,0.306093949
351,stringdb:9606.ENSP00000342385,69.86749377,0.061642867,23,0.024588769,6.897789478,12.34782609,9606.ENSP00000342385,13.00606061,FALSE,9606.ENSP00000342385,O14684,,1.99E+26,0.306021909
461,stringdb:9606.ENSP00000265896,1151.028372,0.060910869,31,0.004974618,7.429144859,8.967741935,9606.ENSP00000265896,17.23156111,FALSE,9606.ENSP00000265896,Q14534,,8.14E+24,0.305353182
80,stringdb:9606.ENSP00000233057,132.3460413,0.061538462,23,0.023526942,6.897789478,9.47826087,9606.ENSP00000233057,11.05909091,FALSE,9606.ENSP00000233057,P19525,,1.82E+26,0.305273
207,stringdb:9606.ENSP00000329466,60.3968588,0.061782627,24,0.022535516,6.977636337,13.08333333,9606.ENSP00000329466,13.83118331,FALSE,9606.ENSP00000329466,Q9NRC8,,1.67E+26,0.304580357
128,stringdb:9606.ENSP00000301141,225.6808682,0.060996083,39,0.009423737,7.789153576,18.41025641,9606.ENSP00000301141,24.44162437,FALSE,9606.ENSP00000301141,Q4VAU1,,2.92E+25,0.304007461
491,stringdb:9606.ENSP00000419851,1026.506027,0.06156453,24,0.009723285,6.977636337,6.583333333,9606.ENSP00000419851,10.49872661,FALSE,9606.ENSP00000419851,P49915,,3.11E+25,0.303771487
149,stringdb:9606.ENSP00000374265,110.7502008,0.061773874,23,0.020976614,6.897789478,12,9606.ENSP00000374265,12.62337662,FALSE,9606.ENSP00000374265,P18283,,1.45E+26,0.301984267
296,stringdb:9606.ENSP00000370408,92.74458427,0.061642867,19,0.02423311,6.524470329,10.42105263,9606.ENSP00000370408,11.55555556,FALSE,9606.ENSP00000370408,Q99626,,1.93E+26,0.300970262
183,stringdb:9606.ENSP00000202967,124.2524794,0.061756374,22,0.020002687,6.813037872,13.09090909,9606.ENSP00000202967,13.76666667,FALSE,9606.ENSP00000202967,Q9Y6E7,,1.32E+26,0.299495329
475,stringdb:9606.ENSP00000263321,290.8776254,0.061800142,19,0.01992156,6.524470329,6.631578947,9606.ENSP00000263321,7.26835093,FALSE,9606.ENSP00000263321,P14679,,1.31E+26,0.299094577
407,stringdb:9606.ENSP00000388566,7.842650179,0.061417101,18,0.024182305,6.414833546,13.88888889,9606.ENSP00000388566,14.70588235,FALSE,9606.ENSP00000388566,Q7KYX7,,1.92E+26,0.29710202
400,stringdb:9606.ENSP00000368727,535.4802892,0.061634153,21,0.013330417,6.722933292,5.80952381,9606.ENSP00000368727,6.812394958,FALSE,9606.ENSP00000368727,P47989,,5.84E+25,0.295987386
494,stringdb:9606.ENSP00000323568,235.7056974,0.062099416,22,0.015233344,6.813037872,8.090909091,9606.ENSP00000323568,9.335714286,FALSE,9606.ENSP00000323568,P11168,,7.63E+25,0.295956832
480,stringdb:9606.ENSP00000296585,14.17589939,0.061090094,19,0.022574667,6.524470329,11.15789474,9606.ENSP00000296585,11.77777778,FALSE,9606.ENSP00000296585,P17301,,1.68E+26,0.294817513
119,stringdb:9606.ENSP00000351407,51.57889756,0.061800142,19,0.020170841,6.524470329,8.842105263,9606.ENSP00000351407,9.388888889,FALSE,9606.ENSP00000351407,P27540,,1.34E+26,0.29475239
242,stringdb:9606.ENSP00000401445,129.792514,0.061218759,19,0.020562684,6.524470329,10.42105263,9606.ENSP00000401445,11.93297683,FALSE,9606.ENSP00000401445,O75460,,1.39E+26,0.294613027
168,stringdb:9606.ENSP00000382595,655.5622123,0.061278988,21,0.011599117,6.722933292,5.047619048,9606.ENSP00000382595,5.610898823,FALSE,9606.ENSP00000382595,P22234,,4.42E+25,0.294406012
448,stringdb:9606.ENSP00000221700,210.1119043,0.061417101,29,0.010099926,7.316426754,14.55172414,9606.ENSP00000221700,17.62040857,FALSE,9606.ENSP00000221700,Q9UIU8,,3.35E+25,0.293901477
304,stringdb:9606.ENSP00000346768,89.22082362,0.061021693,33,0.009327216,7.531531811,20.3030303,9606.ENSP00000346768,22.28602897,FALSE,9606.ENSP00000346768,O60656,,2.86E+25,0.293814571
361,stringdb:9606.ENSP00000286186,5.277318168,0.0613566,18,0.021365786,6.414834023,14.66666667,9606.ENSP00000286186,15.52941176,FALSE,9606.ENSP00000286186,Q9Y2U7,,1.50E+26,0.29264336
450,stringdb:9606.ENSP00000393847,117.6755343,0.061634153,22,0.015549037,6.813037872,10.27272727,9606.ENSP00000393847,10.84799499,FALSE,9606.ENSP00000393847,O15496,,7.95E+25,0.292292187
262,stringdb:9606.ENSP00000260645,544.7908996,0.061047326,26,0.007603319,7.124258518,12.53846154,9606.ENSP00000260645,14.88309383,FALSE,9606.ENSP00000260645,Q9H222,,1.90E+25,0.29162326
388,stringdb:9606.ENSP00000256646,101.7325378,0.061347967,16,0.021028982,6.170849323,9.875,9606.ENSP00000256646,10.9452381,FALSE,9606.ENSP00000256646,Q04721,,1.45E+26,0.291522324
162,stringdb:9606.ENSP00000318822,4.143985234,0.061313458,18,0.020640481,6.414834023,15.33333333,9606.ENSP00000318822,16.48039216,FALSE,9606.ENSP00000318822,P55957,,1.40E+26,0.291378732
74,stringdb:9606.ENSP00000373477,120.6140825,0.061486391,20,0.016412459,6.626946926,9.4,9606.ENSP00000373477,9.95112782,FALSE,9606.ENSP00000373477,P22352,,8.86E+25,0.29056738
170,stringdb:9606.ENSP00000362508,118.9278618,0.060859855,32,0.007971368,7.481533527,19.4375,9606.ENSP00000362508,21.6561828,FALSE,9606.ENSP00000362508,P22310,,2.09E+25,0.290517777
469,stringdb:9606.ENSP00000418532,56.65034002,0.060927893,31,0.008563961,7.429144859,20.38709677,9606.ENSP00000418532,21.60357143,FALSE,9606.ENSP00000418532,P35503,,2.41E+25,0.289190278
136,stringdb:9606.ENSP00000317997,8.605407811,0.061477721,15,0.020967185,6.034567833,10.4,9606.ENSP00000317997,11.14285714,FALSE,9606.ENSP00000317997,Q9NRD9,,1.45E+26,0.288857776
222,stringdb:9606.ENSP00000287295,58.8686695,0.061270377,17,0.018030606,6.297250271,10.23529412,9606.ENSP00000287295,10.95,FALSE,9606.ENSP00000287295,Q5JUZ7,,1.07E+26,0.287178143
184,stringdb:9606.ENSP00000382342,191.2700497,0.061800142,19,0.012779511,6.524470329,6.947368421,9606.ENSP00000382342,7.333333333,FALSE,9606.ENSP00000382342,Q9UQ99,,5.37E+25,0.286551685
303,stringdb:9606.ENSP00000264005,275.4537656,0.061004617,24,0.009278184,6.977636337,11.33333333,9606.ENSP00000264005,13.16086957,FALSE,9606.ENSP00000264005,P04180,,2.83E+25,0.286148237
140,stringdb:9606.ENSP00000295400,4.290626393,0.061330708,14,0.02016014,5.887218475,10,9606.ENSP00000295400,10.76923077,FALSE,9606.ENSP00000295400,Q9UKM3,,1.34E+26,0.285761867
416,stringdb:9606.ENSP00000265970,228.5048277,0.061503738,18,0.01335279,6.414833546,6.555555556,9606.ENSP00000265970,7.595588235,FALSE,9606.ENSP00000265970,O00443,,5.86E+25,0.285738258
78,stringdb:9606.ENSP00000306991,301.2782637,0.061261768,14,0.016031075,5.887218475,5.714285714,9606.ENSP00000306991,6.153846154,FALSE,9606.ENSP00000306991,Q92819,,8.45E+25,0.285223586
181,stringdb:9606.ENSP00000222330,17.2238393,0.061434409,16,0.017640803,6.170849323,7.75,9606.ENSP00000222330,8.266666667,FALSE,9606.ENSP00000222330,P49840,,1.02E+26,0.285174486
370,stringdb:9606.ENSP00000362608,14.9841178,0.061322082,15,0.018781383,6.034567833,8.133333333,9606.ENSP00000362608,8.714285714,FALSE,9606.ENSP00000362608,P11309,,1.16E+26,0.28513988
201,stringdb:9606.ENSP00000362525,55.22429582,0.060800446,29,0.007565792,7.316426754,18.96551724,9606.ENSP00000362525,20.26455026,FALSE,9606.ENSP00000362525,Q9HAW7,,1.88E+25,0.284700353
281,stringdb:9606.ENSP00000343838,55.22429582,0.060800446,29,0.007565792,7.316426754,18.96551724,9606.ENSP00000343838,20.26455026,FALSE,9606.ENSP00000343838,Q9HAW8,,1.88E+25,0.284700352
282,stringdb:9606.ENSP00000003100,376.9078252,0.061391157,23,0.006652473,6.897789478,8.956521739,9606.ENSP00000003100,11.56997724,FALSE,9606.ENSP00000003100,Q99868,,1.46E+25,0.284514191
111,stringdb:9606.ENSP00000345096,821.0088019,0.061021693,19,0.005033176,6.524470329,7.263157895,9606.ENSP00000345096,10.10403893,FALSE,9606.ENSP00000345096,P20839,,8.33E+24,0.284447632
268,stringdb:9606.ENSP00000362441,14.11083467,0.061184395,17,0.016076801,6.297250271,11.29411765,9606.ENSP00000362441,12.07142857,FALSE,9606.ENSP00000362441,Q7Z2J1,,8.50E+25,0.283067922
107,stringdb:9606.ENSP00000263817,199.7244667,0.061021693,24,0.007779815,6.977636337,11.08333333,9606.ENSP00000263817,11.92877847,FALSE,9606.ENSP00000263817,O95342,,1.99E+25,0.28250359
459,stringdb:9606.ENSP00000346693,1781.995324,0.060030291,9,0.001944239,4.925130844,1.777777778,9606.ENSP00000346693,2.160714286,FALSE,9606.ENSP00000346693,Q9NXB9,,1.24E+24,0.282500347
432,stringdb:9606.ENSP00000300035,81.1625396,0.061124352,17,0.014957114,6.297250748,5.058823529,9606.ENSP00000300035,5.714285714,FALSE,9606.ENSP00000300035,Q15004,,7.36E+25,0.282495763
309,stringdb:9606.ENSP00000256958,160.7231915,0.060547146,28,0.006017933,7.255687237,15.07142857,9606.ENSP00000256958,16.77286174,FALSE,9606.ENSP00000256958,Q9Y6L6,,1.19E+25,0.282255816
420,stringdb:9606.ENSP00000253727,104.7146205,0.0613566,19,0.01165281,6.524471283,9.789473684,9606.ENSP00000253727,10.33333333,FALSE,9606.ENSP00000253727,P55055,,4.47E+25,0.28145411
374,stringdb:9606.ENSP00000264381,198.0719467,0.061529777,18,0.010223382,6.414834023,5.444444444,9606.ENSP00000264381,6.245098039,FALSE,9606.ENSP00000264381,P06276,,3.44E+25,0.280603722
371,stringdb:9606.ENSP00000354581,59.05037497,0.061425754,16,0.014007946,6.170849323,7.625,9606.ENSP00000354581,8.147619048,FALSE,9606.ENSP00000354581,P59796,,6.45E+25,0.280581884
447,stringdb:9606.ENSP00000304811,121.4715826,0.060758082,26,0.006322979,7.124258518,11.61538462,9606.ENSP00000304811,12.49717172,FALSE,9606.ENSP00000304811,P16662,,1.31E+25,0.280267311
431,stringdb:9606.ENSP00000367309,203.1368135,0.06156453,18,0.009487685,6.414833546,6.333333333,9606.ENSP00000367309,7.284517443,FALSE,9606.ENSP00000367309,P27338,,2.96E+25,0.279748512
392,stringdb:9606.ENSP00000355657,147.1869062,0.060589216,18,0.012688426,6.414834023,7.333333333,9606.ENSP00000355657,7.786764706,FALSE,9606.ENSP00000355657,Q16695,,5.29E+25,0.279598087
250,stringdb:9606.ENSP00000222115,1737.424789,0.059857221,6,0.003359202,4.069982529,0.333333333,9606.ENSP00000222115,0.4,FALSE,9606.ENSP00000222115,Q92839,,3.71E+24,0.279315156
369,stringdb:9606.ENSP00000332679,59.58610658,0.060396177,28,0.005510827,7.255687237,13.92857143,9606.ENSP00000332679,16.20679533,FALSE,9606.ENSP00000332679,Q16696,,9.99E+24,0.278926382
161,stringdb:9606.ENSP00000364243,256.7856394,0.061227356,17,0.009665819,6.297250748,9.764705882,9606.ENSP00000364243,10.375,FALSE,9606.ENSP00000364243,Q9BZM2,,3.07E+25,0.278514332
415,stringdb:9606.ENSP00000387123,592.7218732,0.061347967,13,0.008127951,5.72738409,2.769230769,9606.ENSP00000387123,3,FALSE,9606.ENSP00000387123,P49419,,2.17E+25,0.278343717
188,stringdb:9606.ENSP00000343535,43.64560385,0.061330708,14,0.014537985,5.887218475,6.142857143,9606.ENSP00000343535,6.615384615,FALSE,9606.ENSP00000343535,Q93009,,6.95E+25,0.278206881
444,stringdb:9606.ENSP00000265403,315.0940981,0.060766551,23,0.004824352,6.897789478,9.739130435,9606.ENSP00000265403,10.50454545,FALSE,9606.ENSP00000265403,P36537,,7.65E+24,0.278160713
495,stringdb:9606.ENSP00000369530,45.80672514,0.060783494,23,0.008164647,6.897789478,12.95652174,9606.ENSP00000369530,14.82076012,FALSE,9606.ENSP00000369530,O15296,,2.19E+25,0.277873619
206,stringdb:9606.ENSP00000349078,443.911345,0.060910869,19,0.005883957,6.524470329,7.578947368,9606.ENSP00000349078,9.099587912,FALSE,9606.ENSP00000349078,P14324,,1.14E+25,0.27785275
398,stringdb:9606.ENSP00000364246,103.2387404,0.061296218,18,0.009996702,6.414834023,9.222222222,9606.ENSP00000364246,9.764705882,FALSE,9606.ENSP00000364246,Q9UNK4,,3.29E+25,0.277492857
129,stringdb:9606.ENSP00000251535,25.99335205,0.060885351,21,0.009102871,6.722933292,14.19047619,9606.ENSP00000251535,15.68346233,FALSE,9606.ENSP00000251535,P18054,,2.72E+25,0.276781959
408,stringdb:9606.ENSP00000364257,162.8770777,0.061244557,17,0.009683293,6.297250748,9.764705882,9606.ENSP00000364257,10.375,FALSE,9606.ENSP00000364257,Q9NZK7,,3.08E+25,0.276758129
368,stringdb:9606.ENSP00000396704,20.56514631,0.061167228,15,0.013340638,6.034567833,9.066666667,9606.ENSP00000396704,9.714285714,FALSE,9606.ENSP00000396704,Q02880,,5.85E+25,0.276586781
358,stringdb:9606.ENSP00000356530,67.25760915,0.061210164,13,0.014138053,5.72738409,4.923076923,9606.ENSP00000356530,5.333333333,FALSE,9606.ENSP00000356530,Q05823,,6.57E+25,0.276366895
108,stringdb:9606.ENSP00000226444,148.8737229,0.060521932,25,0.004734971,7.053006172,11.44,9606.ENSP00000226444,12.4174062,FALSE,9606.ENSP00000226444,P49888,,7.37E+24,0.276292314
264,stringdb:9606.ENSP00000261707,105.464472,0.061443067,15,0.011110653,6.034567833,5.466666667,9606.ENSP00000261707,6.045454545,FALSE,9606.ENSP00000261707,P31645,,4.06E+25,0.276026583
470,stringdb:9606.ENSP00000272286,81.71368554,0.060961969,21,0.007410396,6.722933292,12.57142857,9606.ENSP00000272286,13.43055556,FALSE,9606.ENSP00000272286,Q9H221,,1.81E+25,0.275669259
342,stringdb:9606.ENSP00000347717,294.4768885,0.060775021,21,0.004965548,6.722933292,9.80952381,9606.ENSP00000347717,12.42425214,FALSE,9606.ENSP00000347717,Q9UBM7,,8.11E+24,0.275509344
96,stringdb:9606.ENSP00000314132,5.795832844,0.061055875,13,0.014447974,5.727384567,10.61538462,9606.ENSP00000314132,11.91666667,FALSE,9606.ENSP00000314132,Q9UMX3,,6.86E+25,0.275016233
226,stringdb:9606.ENSP00000253063,127.8410938,0.061201572,13,0.012419151,5.72738409,4.615384615,9606.ENSP00000253063,5.066666667,FALSE,9606.ENSP00000253063,P58004,,5.07E+25,0.274979576
380,stringdb:9606.ENSP00000360316,213.6047806,0.061460389,17,0.007046438,6.297250748,10.70588235,9606.ENSP00000360316,11.9884768,FALSE,9606.ENSP00000360316,Q15392,,1.63E+25,0.27468906
189,stringdb:9606.ENSP00000362513,55.97636686,0.06066509,22,0.006167322,6.813037872,9.909090909,9606.ENSP00000362513,10.78354978,FALSE,9606.ENSP00000362513,P35504,,1.25E+25,0.27341057
175,stringdb:9606.ENSP00000373518,4.071405116,0.061434409,10,0.014715505,5.154873371,6.6,9606.ENSP00000373518,7.333333333,FALSE,9606.ENSP00000373518,Q96PJ9,,7.12E+25,0.273118692
349,stringdb:9606.ENSP00000341045,63.70242571,0.060825893,22,0.005338452,6.813037872,10.81818182,9606.ENSP00000341045,11.53253968,FALSE,9606.ENSP00000341045,P54855,,9.37E+24,0.272959674
218,stringdb:9606.ENSP00000247992,30.42014631,0.061210164,16,0.009658615,6.170849323,10.375,9606.ENSP00000247992,11.06666667,FALSE,9606.ENSP00000247992,Q5R387,,3.07E+25,0.27273617
402,stringdb:9606.ENSP00000364249,30.42014631,0.061210164,16,0.009658615,6.170849323,10.375,9606.ENSP00000364249,11.06666667,FALSE,9606.ENSP00000364249,P39877,,3.07E+25,0.27273617
352,stringdb:9606.ENSP00000221307,47.40134321,0.060893855,20,0.006473026,6.626946926,14.2,9606.ENSP00000221307,15.54135707,FALSE,9606.ENSP00000221307,Q08477,,1.38E+25,0.272096327
390,stringdb:9606.ENSP00000289547,20.92221772,0.061235955,17,0.008317959,6.297250748,13.64705882,9606.ENSP00000289547,14.5,FALSE,9606.ENSP00000289547,Q9UHC9,,2.28E+25,0.271906869
216,stringdb:9606.ENSP00000354532,399.3167389,0.060580798,18,0.004029204,6.414834023,7.888888889,9606.ENSP00000354532,10.4918956,FALSE,9606.ENSP00000354532,P00491,,5.34E+24,0.271699929
288,stringdb:9606.ENSP00000340684,87.62400412,0.061322082,16,0.007824522,6.170849323,5.875,9606.ENSP00000340684,6.454545455,FALSE,9606.ENSP00000340684,P21397,,2.01E+25,0.271580068
70,stringdb:9606.ENSP00000251968,7.435387432,0.061261768,10,0.01406292,5.154873371,5.4,9606.ENSP00000251968,6,FALSE,9606.ENSP00000251968,Q99816,,6.50E+25,0.271546985
223,stringdb:9606.ENSP00000329117,128.8261496,0.061296218,11,0.011104935,5.363367558,3.636363636,9606.ENSP00000329117,4,FALSE,9606.ENSP00000329117,Q5JTC6,,4.06E+25,0.270932146
177,stringdb:9606.ENSP00000354554,168.5094325,0.06117581,14,0.007889704,5.887218475,4.714285714,9606.ENSP00000354554,5.917482517,FALSE,9606.ENSP00000354554,Q9B2X7,,2.05E+25,0.270213061
427,stringdb:9606.ENSP00000286648,346.7439587,0.060961969,14,0.006023195,5.887218475,5.857142857,9606.ENSP00000286648,6.512820513,FALSE,9606.ENSP00000286648,P27707,,1.19E+25,0.27012565
258,stringdb:9606.ENSP00000305221,58.7088031,0.060446416,22,0.004352657,6.813037872,9.636363636,9606.ENSP00000305221,10.0952381,FALSE,9606.ENSP00000305221,Q1HBF9,,6.23E+24,0.26992575
240,stringdb:9606.ENSP00000256383,64.85851194,0.061021693,12,0.011077514,5.553427696,5.333333333,9606.ENSP00000256383,6.363636364,FALSE,9606.ENSP00000256383,P05198,,4.04E+25,0.26980876
301,stringdb:9606.ENSP00000265462,85.87487867,0.060936408,15,0.008023231,6.034567833,4,9606.ENSP00000265462,4.378038628,FALSE,9606.ENSP00000265462,Q9UJU4,,2.12E+25,0.269097129
280,stringdb:9606.ENSP00000307305,7.440454925,0.061090094,11,0.011872238,5.363367558,6,9606.ENSP00000307305,6.6,FALSE,9606.ENSP00000307305,Q9NX09,,4.63E+25,0.268877828
394,stringdb:9606.ENSP00000251566,35.89853183,0.060387812,21,0.004387948,6.722933292,11.04761905,9606.ENSP00000251566,11.85656566,FALSE,9606.ENSP00000251566,Q6UWM9,,6.33E+24,0.268057349
212,stringdb:9606.ENSP00000320401,50.72987686,0.060766551,19,0.004780601,6.524470329,8.842105263,9606.ENSP00000320401,9.333333333,FALSE,9606.ENSP00000320401,O75795,,7.52E+24,0.267915732
208,stringdb:9606.ENSP00000372326,55.36258758,0.061201572,12,0.008700132,5.553427696,4.833333333,9606.ENSP00000372326,5.272727273,FALSE,9606.ENSP00000372326,P22830,,2.49E+25,0.26679864
498,stringdb:9606.ENSP00000075120,8.750314503,0.061184395,10,0.011005471,5.154873371,5.6,9606.ENSP00000075120,6.222222222,FALSE,9606.ENSP00000075120,P11169,,3.98E+25,0.266742178
185,stringdb:9606.ENSP00000245552,133.0936289,0.060295948,17,0.00578,6.297250271,8.941176471,9606.ENSP00000245552,10.91881868,FALSE,9606.ENSP00000245552,Q8TCD5,,1.10E+25,0.266701288
359,stringdb:9606.ENSP00000328088,19.24896496,0.060648213,11,0.011222693,5.363367558,4.363636364,9606.ENSP00000328088,4.842857143,FALSE,9606.ENSP00000328088,Q96IZ0,,4.14E+25,0.266430341
68,stringdb:9606.ENSP00000176183,49.88315584,0.060885351,12,0.008992773,5.553427696,4.666666667,9606.ENSP00000176183,5.727272727,FALSE,9606.ENSP00000176183,A0A0G2JM26,,2.66E+25,0.265895172
483,stringdb:9606.ENSP00000360958,163.8714644,0.060505135,17,0.003793622,6.297250748,7.882352941,9606.ENSP00000360958,8.458333333,FALSE,9606.ENSP00000360958,Q5TCH4,,4.73E+24,0.265177349
243,stringdb:9606.ENSP00000436812,18.61233755,0.06087685,9,0.011403926,4.925130844,4,9606.ENSP00000436812,4.5,FALSE,9606.ENSP00000436812,Q9HC84,,4.28E+25,0.265087483
364,stringdb:9606.ENSP00000306397,170.2273756,0.060817408,14,0.005291157,5.887218475,4.714285714,9606.ENSP00000306397,6.686180486,FALSE,9606.ENSP00000306397,P47985,,9.21E+24,0.26500373
187,stringdb:9606.ENSP00000235628,359.2409181,0.060079923,16,0.002408171,6.170849323,9.125,9606.ENSP00000235628,10.78131868,FALSE,9606.ENSP00000235628,Q9BXI3,,1.91E+24,0.26407466
131,stringdb:9606.ENSP00000387683,64.04934505,0.060220994,19,0.003352754,6.524470329,9.684210526,9606.ENSP00000387683,10.25,FALSE,9606.ENSP00000387683,O75310,,3.70E+24,0.263941866
72,stringdb:9606.ENSP00000216962,252.3715542,0.06091938,12,0.004801922,5.553427696,4.833333333,9606.ENSP00000216962,6.293290043,FALSE,9606.ENSP00000216962,P11216,,7.58E+24,0.263805006
326,stringdb:9606.ENSP00000263368,49.25723747,0.060121346,19,0.00356385,6.524471283,4,9606.ENSP00000263368,4.257575758,FALSE,9606.ENSP00000263368,P30043,,4.18E+24,0.263576049
320,stringdb:9606.ENSP00000321584,306.7139234,0.060146227,15,0.003147432,6.034567833,6.933333333,9606.ENSP00000321584,8.263736264,FALSE,9606.ENSP00000321584,P12268,,3.26E+24,0.263149705
458,stringdb:9606.ENSP00000262030,76.22067868,0.060953446,12,0.005935975,5.553427696,4.5,9606.ENSP00000262030,5.909090909,FALSE,9606.ENSP00000262030,P06576,,1.16E+25,0.262149433
272,stringdb:9606.ENSP00000215727,23.83802093,0.060538739,11,0.008420177,5.363367558,5.818181818,9606.ENSP00000215727,6.9,FALSE,9606.ENSP00000215727,P05546,,2.33E+25,0.261942931
391,stringdb:9606.ENSP00000264027,98.93309279,0.060295948,17,0.002624496,6.297250748,9.529411765,9606.ENSP00000264027,11.7103022,FALSE,9606.ENSP00000264027,O75845,,2.26E+24,0.261353479
289,stringdb:9606.ENSP00000359297,131.8389887,0.060732693,14,0.003237639,5.887218475,7.571428571,9606.ENSP00000359297,8.45042735,FALSE,9606.ENSP00000359297,Q15738,,3.45E+24,0.260876099
366,stringdb:9606.ENSP00000366084,93.36619798,0.06065665,13,0.004763352,5.72738409,6.769230769,9606.ENSP00000366084,7.5,FALSE,9606.ENSP00000366084,O15439,,7.46E+24,0.260839762
249,stringdb:9606.ENSP00000261845,10.28806259,0.060681976,9,0.008986839,4.925130844,4,9606.ENSP00000261845,4.8,FALSE,9606.ENSP00000261845,Q16659,,2.66E+25,0.260584926
260,stringdb:9606.ENSP00000355718,1.462490894,0.060572381,8,0.010071983,4.670701504,4.5,9606.ENSP00000355718,5.142857143,FALSE,9606.ENSP00000355718,O00548,,3.34E+25,0.260349138
418,stringdb:9606.ENSP00000334276,45.59212277,0.06010477,17,0.003155184,6.297250748,6.941176471,9606.ENSP00000334276,7.5625,FALSE,9606.ENSP00000334276,Q9BY64,,3.27E+24,0.26034641
387,stringdb:9606.ENSP00000232217,329.1126793,0.060987551,8,0.004356258,4.670701504,1,9606.ENSP00000232217,1.333333333,FALSE,9606.ENSP00000232217,P50120,,6.24E+24,0.259945511
353,stringdb:9606.ENSP00000341170,11.29030837,0.060622914,8,0.009070889,4.670701504,4,9606.ENSP00000341170,4.571428571,FALSE,9606.ENSP00000341170,P21246,,2.71E+25,0.259255831
375,stringdb:9606.ENSP00000450980,173.4029317,0.060196051,13,0.003490695,5.72738409,0.769230769,9606.ENSP00000450980,1.369047619,FALSE,9606.ENSP00000450980,A0A0A0MTQ2,,4.01E+24,0.258739649
193,stringdb:9606.ENSP00000355517,153.7112608,0.060885351,11,0.003505584,5.363367558,1.818181818,9606.ENSP00000355517,2.05,FALSE,9606.ENSP00000355517,O15229,,4.04E+24,0.258565776
466,stringdb:9606.ENSP00000427562,1.175618778,0.061072979,6,0.008933344,4.069982529,4.333333333,9606.ENSP00000427562,5.2,FALSE,9606.ENSP00000427562,Q6NZY6,,2.62E+25,0.258114755
246,stringdb:9606.ENSP00000373674,129.0411137,0.060171129,14,0.00240576,5.887218475,10.14285714,9606.ENSP00000373674,11.23076923,FALSE,9606.ENSP00000373674,Q9NPB1,,1.90E+24,0.257405671
269,stringdb:9606.ENSP00000294954,21.44259824,0.060953446,8,0.006761195,4.670701504,2.75,9606.ENSP00000294954,3.142857143,FALSE,9606.ENSP00000294954,P22888,,1.50E+25,0.257318444
273,stringdb:9606.ENSP00000362570,79.66469465,0.060555556,8,0.006871613,4.670701504,2,9606.ENSP00000362570,2.642857143,FALSE,9606.ENSP00000362570,Q8NAU1,,1.55E+25,0.257081751
319,stringdb:9606.ENSP00000309132,0.164775116,0.060724234,7,0.00794739,4.387387276,5.714285714,9606.ENSP00000309132,6.666666667,FALSE,9606.ENSP00000309132,Q9BZR8,,2.08E+25,0.256522247
248,stringdb:9606.ENSP00000279263,85.37580836,0.060013765,15,0.001889377,6.034567833,7.6,9606.ENSP00000279263,9.095482295,FALSE,9606.ENSP00000279263,O76062,,1.17E+24,0.256412971
234,stringdb:9606.ENSP00000417901,145.3844273,0.060791969,9,0.00391554,4.925130844,1.333333333,9606.ENSP00000417901,1.833333333,FALSE,9606.ENSP00000417901,Q9NQX3,,5.04E+24,0.256158681
147,stringdb:9606.ENSP00000337691,2.671185515,0.060622914,7,0.007914593,4.387387276,3.142857143,9606.ENSP00000337691,3.666666667,FALSE,9606.ENSP00000337691,Q8TD08,,2.06E+25,0.25612917
196,stringdb:9606.ENSP00000370253,2.927124165,0.06083438,7,0.007015831,4.387387276,3.714285714,9606.ENSP00000370253,4.333333333,FALSE,9606.ENSP00000370253,Q99801,,1.62E+25,0.25562457
138,stringdb:9606.ENSP00000379701,183.843949,0.060673532,8,0.003807023,4.670701504,1.25,9606.ENSP00000379701,1.428571429,FALSE,9606.ENSP00000379701,Q14541,,4.77E+24,0.255050977
365,stringdb:9606.ENSP00000380247,19.5423429,0.060597637,7,0.007000724,4.387387276,3.428571429,9606.ENSP00000380247,4,FALSE,9606.ENSP00000380247,P35367,,1.61E+25,0.255009094
421,stringdb:9606.ENSP00000358223,19.55528486,0.060530335,9,0.005492018,4.925130844,3.777777778,9606.ENSP00000358223,4.267857143,FALSE,9606.ENSP00000358223,P16233,,9.92E+24,0.254999988
118,stringdb:9606.ENSP00000258168,602.8465882,0.059562842,8,0.001076328,4.670701504,1.75,9606.ENSP00000258168,2.380952381,FALSE,9606.ENSP00000258168,Q9HAY6,,3.81E+23,0.254937547
156,stringdb:9606.ENSP00000296503,12.17273098,0.061004617,7,0.005730864,4.387387276,3.714285714,9606.ENSP00000296503,4.333333333,FALSE,9606.ENSP00000296503,P26583,,1.08E+25,0.254564506
430,stringdb:9606.ENSP00000356155,0,0.06036273,8,0.006250202,4.670701504,7,9606.ENSP00000356155,8,FALSE,9606.ENSP00000356155,O00750,,1.28E+25,0.253843033
283,stringdb:9606.ENSP00000349142,97.58360334,0.060154525,11,0.002933003,5.363367558,3.090909091,9606.ENSP00000349142,4.10952381,FALSE,9606.ENSP00000349142,P36542,,2.83E+24,0.253771593
126,stringdb:9606.ENSP00000301146,7.744340941,0.059824369,13,0.002326818,5.727384567,8.307692308,9606.ENSP00000301146,9,FALSE,9606.ENSP00000301146,P20853,,1.78E+24,0.25230886
335,stringdb:9606.ENSP00000360991,13.10687368,0.05997249,12,0.002638408,5.553427696,7.666666667,9606.ENSP00000360991,8.363636364,FALSE,9606.ENSP00000360991,P13584,,2.29E+24,0.252208067
442,stringdb:9606.ENSP00000345494,1.802295687,0.060438037,6,0.006215177,4.069982529,2.666666667,9606.ENSP00000345494,3.2,FALSE,9606.ENSP00000345494,O15162,,1.27E+25,0.251631785
256,stringdb:9606.ENSP00000402515,0.680841158,0.060698872,5,0.006261172,3.711927176,2.4,9606.ENSP00000402515,3,FALSE,9606.ENSP00000402515,Q96Q15,,1.29E+25,0.251447947
203,stringdb:9606.ENSP00000164139,69.02322288,0.059964242,10,0.002798949,5.154873371,4,9606.ENSP00000164139,5.011904762,FALSE,9606.ENSP00000164139,P11217,,2.58E+24,0.251027234
330,stringdb:9606.ENSP00000267845,32.31868386,0.060229313,8,0.004232315,4.670701504,0.75,9606.ENSP00000267845,0.857142857,FALSE,9606.ENSP00000267845,P19113,,5.89E+24,0.250971035
64,stringdb:9606.ENSP00000389948,5.69831266,0.059660646,13,0.001632324,5.727384567,10.76923077,9606.ENSP00000389948,11.66666667,FALSE,9606.ENSP00000389948,Q969T7,,8.76E+23,0.250603209
103,stringdb:9606.ENSP00000433415,5.69831266,0.059660646,13,0.001631886,5.727384567,10.76923077,9606.ENSP00000433415,11.66666667,FALSE,9606.ENSP00000433415,,,8.76E+23,0.250602559
276,stringdb:9606.ENSP00000339479,5.69831266,0.059660646,13,0.001631886,5.72738409,10.76923077,9606.ENSP00000339479,11.66666667,FALSE,9606.ENSP00000339479,P49902,,8.76E+23,0.250602559
434,stringdb:9606.ENSP00000352904,5.69831266,0.059660646,13,0.001631886,5.72738409,10.76923077,9606.ENSP00000352904,11.66666667,FALSE,9606.ENSP00000352904,Q96P26,,8.76E+23,0.250602559
486,stringdb:9606.ENSP00000297679,137.3101319,0.059636165,11,0.001274411,5.363367558,5.636363636,9606.ENSP00000297679,6.266666667,FALSE,9606.ENSP00000297679,Q9H2F3,,5.34E+23,0.250081489
413,stringdb:9606.ENSP00000262461,41.02323594,0.060354374,7,0.003915254,4.387387276,2,9606.ENSP00000262461,2.583333333,FALSE,9606.ENSP00000262461,P55011,,5.04E+24,0.249914993
255,stringdb:9606.ENSP00000383234,1.282019181,0.060129637,6,0.005419941,4.069982529,3.333333333,9606.ENSP00000383234,4,FALSE,9606.ENSP00000383234,P31152,,9.66E+24,0.249244548
312,stringdb:9606.ENSP00000280706,52.64152722,0.060304288,8,0.002426729,4.670701504,3.25,9606.ENSP00000280706,3.714285714,FALSE,9606.ENSP00000280706,Q6ZMR3,,1.94E+24,0.248987423
261,stringdb:9606.ENSP00000155840,19.58732241,0.060137931,7,0.003920577,4.387387276,0.857142857,9606.ENSP00000155840,1,FALSE,9606.ENSP00000155840,Q9UMN9,,5.05E+24,0.248659505
97,stringdb:9606.ENSP00000005286,0,0.060245958,6,0.004688366,4.069982529,5,9606.ENSP00000005286,6,FALSE,9606.ENSP00000005286,Q24JP5,,7.23E+24,0.248587542
217,stringdb:9606.ENSP00000354652,0.160494002,0.060146227,5,0.005590193,3.711927176,3.6,9606.ENSP00000354652,4.5,FALSE,9606.ENSP00000354652,P25929,,1.03E+25,0.248295418
144,stringdb:9606.ENSP00000305899,71.31722606,0.060589216,4,0.004172785,3.304881573,1,9606.ENSP00000305899,1.333333333,FALSE,9606.ENSP00000305899,Q9H022,,5.73E+24,0.248074505
436,stringdb:9606.ENSP00000406861,3.508997188,0.060707324,4,0.004589795,3.304881573,1.5,9606.ENSP00000406861,2,FALSE,9606.ENSP00000406861,Q6W4X9,,6.93E+24,0.247816372
227,stringdb:9606.ENSP00000458537,6.378577821,0.060868351,3,0.004900784,2.838053942,0.666666667,9606.ENSP00000458537,1,FALSE,9606.ENSP00000458537,P40313,,7.90E+24,0.247715774
76,stringdb:9606.ENSP00000302393,36.04651956,0.060287611,7,0.002407696,4.387387276,2.571428571,9606.ENSP00000302393,3,FALSE,9606.ENSP00000302393,Q9BYZ2,,1.91E+24,0.24732388
338,stringdb:9606.ENSP00000441828,0,0.059939511,7,0.003791692,4.387387276,6,9606.ENSP00000441828,7,FALSE,9606.ENSP00000441828,P00739,,4.73E+24,0.247311629
473,stringdb:9606.ENSP00000231656,3.253693644,0.060521932,4,0.004314859,3.304881573,1,9606.ENSP00000231656,1.333333333,FALSE,9606.ENSP00000231656,P47902,,6.12E+24,0.246683373
331,stringdb:9606.ENSP00000370421,0.58469856,0.060196051,5,0.003991751,3.711926937,3.2,9606.ENSP00000370421,4,FALSE,9606.ENSP00000370421,P52945,,5.24E+24,0.246129171
122,stringdb:9606.ENSP00000350314,393.8278695,0.059287463,5,7.46E-04,3.711927176,0.8,9606.ENSP00000350314,1.083333333,FALSE,9606.ENSP00000350314,Q9BYV7,,1.83E+23,0.245531054
235,stringdb:9606.ENSP00000333946,119.5529636,0.060204363,5,0.001907721,3.711927176,1.2,9606.ENSP00000333946,1.5,FALSE,9606.ENSP00000333946,Q9Y2Z9,,1.20E+24,0.245416113
180,stringdb:9606.ENSP00000299198,32.15776693,0.059449141,9,0.001674244,4.925130844,4,9606.ENSP00000299198,4.785714286,FALSE,9606.ENSP00000299198,P12277,,9.22E+23,0.245389021
310,stringdb:9606.ENSP00000159060,50.14643491,0.060171129,5,0.002712869,3.711926937,1.2,9606.ENSP00000159060,1.5,FALSE,9606.ENSP00000159060,Q9HBY0,,2.42E+24,0.245113308
163,stringdb:9606.ENSP00000337446,64.39480052,0.059964242,6,0.001988563,4.069982529,1.333333333,9606.ENSP00000337446,1.65,FALSE,9606.ENSP00000337446,Q14849,,1.30E+24,0.244760306
92,stringdb:9606.ENSP00000349595,15.86893466,0.059939511,5,0.003488096,3.711927176,0.8,9606.ENSP00000349595,1,FALSE,9606.ENSP00000349595,O14983,,4.00E+24,0.244686697
441,stringdb:9606.ENSP00000417229,1.420699799,0.059652483,6,0.003427983,4.069982529,3,9606.ENSP00000417229,3.6,FALSE,9606.ENSP00000417229,Q9BY44,,3.86E+24,0.244441257
125,stringdb:9606.ENSP00000417052,2.146878212,0.059335874,10,8.68E-04,5.154873371,8.2,9606.ENSP00000417052,9.111111111,FALSE,9606.ENSP00000417052,Q15125,,2.48E+23,0.244407189
266,stringdb:9606.ENSP00000333926,40.38731835,0.0599148,6,0.002003697,4.069982529,1.333333333,9606.ENSP00000333926,1.6,FALSE,9606.ENSP00000333926,Q9UNP5,,1.32E+24,0.244117866
484,stringdb:9606.ENSP00000216392,66.89514892,0.059408639,8,0.001294464,4.670701504,4.25,9606.ENSP00000216392,4.857142857,FALSE,9606.ENSP00000216392,Q641R5,,5.51E+23,0.244109062
399,stringdb:9606.ENSP00000363397,17.71795715,0.059881884,4,0.003386486,3.304881573,1,9606.ENSP00000363397,1.333333333,FALSE,9606.ENSP00000363397,Q16739,,3.77E+24,0.243104778
357,stringdb:9606.ENSP00000311648,52.64334341,0.059676978,6,0.00167753,4.069982529,0.333333333,9606.ENSP00000311648,0.4,FALSE,9606.ENSP00000311648,Q16880,,9.25E+23,0.242951496
123,stringdb:9606.ENSP00000377878,0,0.05989011,5,0.001975168,3.711927176,4,9606.ENSP00000377878,5,FALSE,9606.ENSP00000377878,Q06055,,1.28E+24,0.241940663
165,stringdb:9606.ENSP00000355893,7.318398429,0.060079923,4,0.002083526,3.304881573,0,9606.ENSP00000355893,0,FALSE,9606.ENSP00000355893,Q6XR72,,1.43E+24,0.241739328
253,stringdb:9606.ENSP00000411593,5.080759487,0.059717847,5,0.002123566,3.711927176,2,9606.ENSP00000411593,2.5,FALSE,9606.ENSP00000411593,P23415,,1.48E+24,0.241590972
496,stringdb:9606.ENSP00000264784,29.27313131,0.059611704,5,0.001447574,3.711926937,0.4,9606.ENSP00000264784,0.5,FALSE,9606.ENSP00000264784,Q9NRM0,,6.89E+23,0.240653154
412,stringdb:9606.ENSP00000262340,70.2372446,0.059554706,5,0.001006778,3.711926937,0.8,9606.ENSP00000262340,1,FALSE,9606.ENSP00000262340,Q16518,,3.33E+23,0.240585049
205,stringdb:9606.ENSP00000256797,0.791874471,0.059873661,3,0.002740404,2.838053942,0.666666667,9606.ENSP00000256797,1,FALSE,9606.ENSP00000256797,Q76MJ5,,2.47E+24,0.240538536
186,stringdb:9606.ENSP00000332407,11.38007781,0.059522184,6,8.52E-04,4.069982529,3,9606.ENSP00000332407,3.6,FALSE,9606.ENSP00000332407,Q8WUS8,,2.39E+23,0.240313937
225,stringdb:9606.ENSP00000215812,842,0.056756053,2,2.86E-05,2.297236443,0,9606.ENSP00000215812,0,FALSE,9606.ENSP00000215812,Q9UDX4,,2.69E+20,0.239721097
265,stringdb:9606.ENSP00000222382,2.134902226,0.05951406,5,0.001179195,3.711926937,2.4,9606.ENSP00000222382,3,FALSE,9606.ENSP00000222382,Q9HB55,,4.57E+23,0.239341653
406,stringdb:9606.ENSP00000272252,8.158326345,0.059587263,4,0.001287307,3.304881573,0.5,9606.ENSP00000272252,0.666666667,FALSE,9606.ENSP00000272252,Q96C23,,5.45E+23,0.238661188
337,stringdb:9606.ENSP00000262291,0.698947702,0.05957912,3,0.002165995,2.838053942,0.666666667,9606.ENSP00000262291,1,FALSE,9606.ENSP00000262291,Q96GC9,,1.54E+24,0.238540763
316,stringdb:9606.ENSP00000262283,5.362790967,0.059873661,2,0.001976631,2.297236443,0,9606.ENSP00000262283,0,FALSE,9606.ENSP00000262283,Q02509,,1.28E+24,0.238253138
481,stringdb:9606.ENSP00000254627,5.362790967,0.059873661,2,0.001976631,2.297236443,0,9606.ENSP00000254627,0,FALSE,9606.ENSP00000254627,Q02509,,1.28E+24,0.238253138
182,stringdb:9606.ENSP00000222572,3.048866609,0.059603554,3,0.001478897,2.838053942,0.666666667,9606.ENSP00000222572,1,FALSE,9606.ENSP00000222572,Q86YL0,,7.19E+23,0.237663997
245,stringdb:9606.ENSP00000355968,7.590849242,0.059587263,3,9.51E-04,2.838053942,0,9606.ENSP00000355968,0,FALSE,9606.ENSP00000355968,Q9Y6M5,,2.97E+23,0.236907643
244,stringdb:9606.ENSP00000359022,11.55981627,0.059546572,3,9.38E-04,2.838053942,0.666666667,9606.ENSP00000359022,1,FALSE,9606.ENSP00000359022,Q9HB03,,2.89E+23,0.236808222
116,stringdb:9606.ENSP00000259254,0,0.059832579,1,0.00196874,1.663313389,0,9606.ENSP00000259254,0,FALSE,9606.ENSP00000259254,P04921,,1.27E+24,0.236732389
135,stringdb:9606.ENSP00000316786,15.60716984,0.059400545,3,8.92E-04,2.838053703,0,9606.ENSP00000316786,0,FALSE,9606.ENSP00000316786,Q9UC51,,2.62E+23,0.236252953
367,stringdb:9606.ENSP00000320239,0.133333333,0.059376277,2,0.001992495,2.297236443,0,9606.ENSP00000320239,0,FALSE,9606.ENSP00000320239,Q96QT4,,1.31E+24,0.236240326
290,stringdb:9606.ENSP00000352540,29.27856136,0.058855292,5,3.51E-04,3.711926937,2,9606.ENSP00000352540,2.5,FALSE,9606.ENSP00000352540,P54851,,4.05E+22,0.236088017
134,stringdb:9606.ENSP00000378733,0,0.05957912,1,0.001690721,1.663313389,0,9606.ENSP00000378733,0,FALSE,9606.ENSP00000378733,Q53QV2,,9.40E+23,0.235335268
291,stringdb:9606.ENSP00000360968,10.02922601,0.059022607,4,4.25E-04,3.304881573,1.5,9606.ENSP00000360968,2.333333333,FALSE,9606.ENSP00000360968,Q8N118,,5.93E+22,0.235224923
285,stringdb:9606.ENSP00000386520,0,0.059360109,1,0.001295179,1.663313389,0,9606.ENSP00000386520,0,FALSE,9606.ENSP00000386520,Q9Y4B4,,5.52E+23,0.233897926
464,stringdb:9606.ENSP00000311492,8.736266641,0.058704726,4,3.46E-04,3.304881573,1.5,9606.ENSP00000311492,2,FALSE,9606.ENSP00000311492,Q2M1V0,,3.93E+22,0.233847085
379,stringdb:9606.ENSP00000269703,2.595067792,0.058974706,3,4.91E-04,2.838053942,0.666666667,9606.ENSP00000269703,1,FALSE,9606.ENSP00000269703,Q6NT55,,7.92E+22,0.233746537
478,stringdb:9606.ENSP00000297792,2.295416381,0.05875219,3,7.49E-04,2.838053942,0,9606.ENSP00000297792,0,FALSE,9606.ENSP00000297792,Q8NB78,,1.84E+23,0.233257768
452,stringdb:9606.ENSP00000334246,0,0.05879973,3,3.55E-04,2.838053942,2,9606.ENSP00000334246,3,FALSE,9606.ENSP00000334246,Q86W10,,4.14E+22,0.232813991
423,stringdb:9606.ENSP00000351947,0,0.059038592,1,0.001156502,1.663313389,0,9606.ENSP00000351947,0,FALSE,9606.ENSP00000351947,Q9H4L7,,4.40E+23,0.232442709
211,stringdb:9606.ENSP00000368079,0,0.05877595,2,3.49E-04,2.297236443,1,9606.ENSP00000368079,2,FALSE,9606.ENSP00000368079,Q6ZWL3,,4.00E+22,0.231468551
395,stringdb:9606.ENSP00000379500,0.712129817,0.058602151,2,5.20E-04,2.297236443,0,9606.ENSP00000379500,0,FALSE,9606.ENSP00000379500,Q8IX04,,8.89E+22,0.231060961
191,stringdb:9606.ENSP00000398803,0,0.058847348,1,6.39E-04,1.663313389,0,9606.ENSP00000398803,0,FALSE,9606.ENSP00000398803,Q13630,,1.34E+23,0.230933292
159,stringdb:9606.ENSP00000352706,3.897227251,0.05862579,2,2.90E-04,2.297236443,0,9606.ENSP00000352706,0,FALSE,9606.ENSP00000352706,Q6NVY1,,2.77E+22,0.230875041
482,stringdb:9606.ENSP00000378360,0,0.058673126,1,4.37E-04,1.663313508,0,9606.ENSP00000378360,0,FALSE,9606.ENSP00000378360,Q3LXA3,,6.28E+22,0.229956355
346,stringdb:9606.ENSP00000283916,2.34245614,0.058141085,2,5.95E-04,2.297236443,0,9606.ENSP00000283916,0,FALSE,9606.ENSP00000283916,O60235,,1.16E+23,0.229411508
295,stringdb:9606.ENSP00000350911,0,0.058515635,1,4.02E-04,1.663313389,0,9606.ENSP00000350911,0,FALSE,9606.ENSP00000350911,P14091,,5.33E+22,0.229292753
91,stringdb:9606.ENSP00000247001,0,0.058492085,1,3.95E-04,1.663313389,0,9606.ENSP00000247001,0,FALSE,9606.ENSP00000247001,Q8IWZ8,,5.14E+22,0.229190731
451,stringdb:9606.ENSP00000376268,0,0.057855626,1,1.90E-04,1.663313389,0,9606.ENSP00000376268,0,FALSE,9606.ENSP00000376268,Q92503,,1.18E+22,0.226412224
293,stringdb:9606.ENSP00000370648,1.989512031,0.056689637,2,2.68E-05,2.297236443,0,9606.ENSP00000370648,0,FALSE,9606.ENSP00000370648,Q9HBH5,,2.36E+20,0.222921388
146,stringdb:9606.ENSP00000304440,0,0.056586632,1,4.94E-05,1.663313389,0,9606.ENSP00000304440,0,FALSE,9606.ENSP00000304440,O00219,,8.04E+20,0.221271617
493,stringdb:9606.ENSP00000264668,0,0.056586632,1,4.94E-05,1.663313389,0,9606.ENSP00000264668,0,FALSE,9606.ENSP00000264668,Q9UBK8,,8.04E+20,0.221271617
454,stringdb:9606.ENSP00000255858,0,0.053807232,1,4.20E-07,1.663313389,0,9606.ENSP00000255858,0,FALSE,9606.ENSP00000255858,Q9UDX3,,5.81E+16,0.210395336
71,stringdb:9606.ENSP00000387888,0,0.00228833,0,7.08E-13,0.909983158,0,9606.ENSP00000387888,0,FALSE,9606.ENSP00000387888,Q9Y4X1,,164603.2969,0.008894831
88,stringdb:9606.ENSP00000263955,0,0.00228833,0,0,0.909983158,0,9606.ENSP00000263955,0,FALSE,9606.ENSP00000263955,O94768,,1.000000477,0.008894831
151,stringdb:9606.ENSP00000334186,0,0.00228833,0,0,0.909983158,0,9606.ENSP00000334186,0,FALSE,9606.ENSP00000334186,Q96DN2,,1.000000238,0.008894831
160,stringdb:9606.ENSP00000387462,0,0.00228833,0,0,0.909983158,0,9606.ENSP00000387462,0,FALSE,9606.ENSP00000387462,Q96DT7,,0.999999821,0.008894831
178,stringdb:9606.ENSP00000282507,0,0.00228833,0,0,0.909983158,0,9606.ENSP00000282507,0,FALSE,9606.ENSP00000282507,Q3SY77,,0.999999464,0.008894831
213,stringdb:9606.ENSP00000400895,0,0.00228833,0,0,0.909983158,0,9606.ENSP00000400895,0,FALSE,9606.ENSP00000400895,Q3ZCN5,,0.999999166,0.008894831
297,stringdb:9606.ENSP00000251170,0,0.00228833,0,0,0.909983158,0,9606.ENSP00000251170,0,FALSE,9606.ENSP00000251170,O43304,,1.000000477,0.008894831
299,stringdb:9606.ENSP00000274278,0,0.00228833,0,0,0.909983158,0,9606.ENSP00000274278,0,FALSE,9606.ENSP00000274278,Q6NUS8,,0.999999881,0.008894831
314,stringdb:9606.ENSP00000382770,0,0.00228833,0,0,0.909983158,0,9606.ENSP00000382770,0,FALSE,9606.ENSP00000382770,A8MYU2,,0.999999642,0.008894831
372,stringdb:9606.ENSP00000202816,0,0.00228833,0,0,0.909983158,0,9606.ENSP00000202816,0,FALSE,9606.ENSP00000202816,Q9H501,,1,0.008894831
376,stringdb:9606.ENSP00000287139,0,0.00228833,0,0,0.909983158,0,9606.ENSP00000287139,0,FALSE,9606.ENSP00000287139,Q96S42,,0.999999881,0.008894831
404,stringdb:9606.ENSP00000303525,0,0.00228833,0,0,0.909983158,0,9606.ENSP00000303525,0,FALSE,9606.ENSP00000303525,Q8N4T8,,0.999999642,0.008894831
467,stringdb:9606.ENSP00000458075,0,0.00228833,0,0,0.909983158,0,9606.ENSP00000458075,0,FALSE,9606.ENSP00000458075,H3BVE0,,0.999999404,0.008894831
479,stringdb:9606.ENSP00000242786,0,0.00228833,0,0,0.909983158,0,9606.ENSP00000242786,0,FALSE,9606.ENSP00000242786,P48960,,0.999999881,0.008894831
